order_item_id,order_id,inventory_id,quantity_ordered,unit_price_at_purchase,line_total
ITEM0000001,ORD0000307,INV000189,2,976.51,1953.02
ITEM0000002,ORD0000918,INV000169,4,144.35,577.4
ITEM0000003,ORD0000646,INV000232,1,1408.88,1408.88
ITEM0000004,ORD0000499,INV000079,3,1131.45,3394.35
ITEM0000005,ORD0000907,INV000037,1,303.36,303.36
ITEM0000006,ORD0000753,INV000083,4,1360.86,5443.44
ITEM0000007,ORD0000144,INV000400,2,263.12,526.24
ITEM0000008,ORD0000198,INV000161,1,178.3,178.3
ITEM0000009,ORD0000738,INV000208,1,1250.09,1250.09
ITEM0000010,ORD0000245,INV000259,5,511.7,2558.5
ITEM0000011,ORD0000399,INV000166,4,1321.87,5287.48
ITEM0000012,ORD0000812,INV000030,1,319.06,319.06
ITEM0000013,ORD0000659,INV000297,5,885.36,4426.8
ITEM0000014,ORD0000512,INV000081,3,48.39,145.17
ITEM0000015,ORD0000989,INV000318,5,1062.89,5314.45
ITEM0000016,ORD0000990,INV000060,4,74.09,296.36
ITEM0000017,ORD0000038,INV000148,1,661.53,661.53
ITEM0000018,ORD0000058,INV000280,3,1012.58,3037.74
ITEM0000019,ORD0000807,INV000445,3,546.97,1640.91
ITEM0000020,ORD0000416,INV000401,1,1216.72,1216.72
ITEM0000021,ORD0000217,INV000443,1,205.23,205.23
ITEM0000022,ORD0000470,INV000419,5,756.35,3781.75
ITEM0000023,ORD0000153,INV000381,5,1202.72,6013.6
ITEM0000024,ORD0000239,INV000491,5,629.74,3148.7
ITEM0000025,ORD0000038,INV000314,1,1364.03,1364.03
ITEM0000026,ORD0000501,INV000077,2,1357.73,2715.46
ITEM0000027,ORD0000483,INV000113,1,1081.51,1081.51
ITEM0000028,ORD0000047,INV000351,5,582.32,2911.6
ITEM0000029,ORD0000719,INV000002,2,870.87,1741.74
ITEM0000030,ORD0000015,INV000382,2,648.76,1297.52
ITEM0000031,ORD0000648,INV000034,2,1174.67,2349.34
ITEM0000032,ORD0000927,INV000051,1,833.85,833.85
ITEM0000033,ORD0000841,INV000197,3,266.73,800.19
ITEM0000034,ORD0000468,INV000420,1,260.94,260.94
ITEM0000035,ORD0000175,INV000103,5,955.2,4776.0
ITEM0000036,ORD0000066,INV000082,5,1261.56,6307.8
ITEM0000037,ORD0000117,INV000332,1,343.68,343.68
ITEM0000038,ORD0000610,INV000321,4,1184.89,4739.56
ITEM0000039,ORD0000226,INV000064,5,1168.74,5843.7
ITEM0000040,ORD0000824,INV000115,1,1190.43,1190.43
ITEM0000041,ORD0000437,INV000353,2,1188.11,2376.22
ITEM0000042,ORD0000831,INV000044,3,896.87,2690.61
ITEM0000043,ORD0000333,INV000449,4,1193.37,4773.48
ITEM0000044,ORD0001000,INV000450,1,1133.67,1133.67
ITEM0000045,ORD0000559,INV000353,5,1188.11,5940.55
ITEM0000046,ORD0000330,INV000204,2,1499.06,2998.12
ITEM0000047,ORD0000783,INV000031,2,1171.27,2342.54
ITEM0000048,ORD0000608,INV000054,1,433.94,433.94
ITEM0000049,ORD0000344,INV000392,2,909.62,1819.24
ITEM0000050,ORD0000124,INV000219,1,1451.07,1451.07
ITEM0000051,ORD0000145,INV000418,3,192.13,576.39
ITEM0000052,ORD0000173,INV000295,4,1248.88,4995.52
ITEM0000053,ORD0000567,INV000081,3,48.39,145.17
ITEM0000054,ORD0000450,INV000196,2,799.09,1598.18
ITEM0000055,ORD0000948,INV000284,2,792.77,1585.54
ITEM0000056,ORD0000042,INV000402,5,1065.76,5328.8
ITEM0000057,ORD0000103,INV000479,2,1386.39,2772.78
ITEM0000058,ORD0000386,INV000238,5,80.61,403.05
ITEM0000059,ORD0000017,INV000411,2,701.42,1402.84
ITEM0000060,ORD0000083,INV000179,4,520.96,2083.84
ITEM0000061,ORD0000008,INV000329,1,970.81,970.81
ITEM0000062,ORD0000949,INV000210,2,933.23,1866.46
ITEM0000063,ORD0000724,INV000030,1,319.06,319.06
ITEM0000064,ORD0000909,INV000200,5,1001.93,5009.65
ITEM0000065,ORD0000427,INV000384,3,463.21,1389.63
ITEM0000066,ORD0000709,INV000326,4,894.59,3578.36
ITEM0000067,ORD0000212,INV000265,2,1006.67,2013.34
ITEM0000068,ORD0000656,INV000315,2,909.48,1818.96
ITEM0000069,ORD0000536,INV000200,3,1001.93,3005.79
ITEM0000070,ORD0000422,INV000395,4,378.17,1512.68
ITEM0000071,ORD0000961,INV000498,2,412.89,825.78
ITEM0000072,ORD0000626,INV000286,2,310.61,621.22
ITEM0000073,ORD0000611,INV000249,1,1092.23,1092.23
ITEM0000074,ORD0000735,INV000479,2,1386.39,2772.78
ITEM0000075,ORD0000627,INV000025,4,246.57,986.28
ITEM0000076,ORD0000643,INV000384,1,463.21,463.21
ITEM0000077,ORD0000357,INV000486,3,12.75,38.25
ITEM0000078,ORD0000005,INV000120,4,349.65,1398.6
ITEM0000079,ORD0000242,INV000444,5,552.08,2760.4
ITEM0000080,ORD0000121,INV000463,2,225.92,451.84
ITEM0000081,ORD0000098,INV000184,5,1447.41,7237.05
ITEM0000082,ORD0000371,INV000496,5,1483.7,7418.5
ITEM0000083,ORD0000520,INV000276,5,1120.44,5602.2
ITEM0000084,ORD0000476,INV000133,2,228.05,456.1
ITEM0000085,ORD0000284,INV000170,2,1420.86,2841.72
ITEM0000086,ORD0000199,INV000279,1,1325.6,1325.6
ITEM0000087,ORD0000816,INV000117,1,712.52,712.52
ITEM0000088,ORD0000702,INV000348,2,142.11,284.22
ITEM0000089,ORD0000510,INV000080,4,734.9,2939.6
ITEM0000090,ORD0000164,INV000480,2,324.91,649.82
ITEM0000091,ORD0000056,INV000119,1,1055.77,1055.77
ITEM0000092,ORD0000292,INV000135,3,911.44,2734.32
ITEM0000093,ORD0000446,INV000280,2,1012.58,2025.16
ITEM0000094,ORD0000343,INV000226,3,213.97,641.91
ITEM0000095,ORD0000825,INV000427,5,683.05,3415.25
ITEM0000096,ORD0000045,INV000081,4,48.39,193.56
ITEM0000097,ORD0000759,INV000128,1,1309.72,1309.72
ITEM0000098,ORD0000948,INV000010,1,402.09,402.09
ITEM0000099,ORD0000181,INV000366,5,1183.84,5919.2
ITEM0000100,ORD0000805,INV000437,2,1145.87,2291.74
ITEM0000101,ORD0000497,INV000039,1,40.38,40.38
ITEM0000102,ORD0000119,INV000384,5,463.21,2316.05
ITEM0000103,ORD0000917,INV000428,1,662.21,662.21
ITEM0000104,ORD0000739,INV000097,2,1412.5,2825.0
ITEM0000105,ORD0000607,INV000395,4,378.17,1512.68
ITEM0000106,ORD0000334,INV000276,5,1120.44,5602.2
ITEM0000107,ORD0000204,INV000444,4,552.08,2208.32
ITEM0000108,ORD0000236,INV000314,3,1364.03,4092.09
ITEM0000109,ORD0000334,INV000273,1,274.72,274.72
ITEM0000110,ORD0000101,INV000490,2,805.05,1610.1
ITEM0000111,ORD0000756,INV000214,2,1122.48,2244.96
ITEM0000112,ORD0000891,INV000382,4,648.76,2595.04
ITEM0000113,ORD0000385,INV000309,2,1195.51,2391.02
ITEM0000114,ORD0000076,INV000092,2,361.62,723.24
ITEM0000115,ORD0000600,INV000217,4,1121.11,4484.44
ITEM0000116,ORD0000056,INV000179,4,520.96,2083.84
ITEM0000117,ORD0000149,INV000347,4,676.73,2706.92
ITEM0000118,ORD0000951,INV000322,2,497.89,995.78
ITEM0000119,ORD0000466,INV000382,5,648.76,3243.8
ITEM0000120,ORD0000397,INV000416,2,1421.49,2842.98
ITEM0000121,ORD0000140,INV000485,3,498.79,1496.37
ITEM0000122,ORD0000738,INV000312,4,968.78,3875.12
ITEM0000123,ORD0000648,INV000381,2,1202.72,2405.44
ITEM0000124,ORD0000999,INV000285,3,595.92,1787.76
ITEM0000125,ORD0000208,INV000083,3,1360.86,4082.58
ITEM0000126,ORD0000131,INV000227,3,1493.91,4481.73
ITEM0000127,ORD0000709,INV000298,1,1306.43,1306.43
ITEM0000128,ORD0000062,INV000488,5,977.56,4887.8
ITEM0000129,ORD0000140,INV000248,3,680.75,2042.25
ITEM0000130,ORD0000873,INV000105,1,925.79,925.79
ITEM0000131,ORD0000470,INV000409,4,1154.9,4619.6
ITEM0000132,ORD0000176,INV000271,4,1268.51,5074.04
ITEM0000133,ORD0000226,INV000400,3,263.12,789.36
ITEM0000134,ORD0000619,INV000070,3,1128.91,3386.73
ITEM0000135,ORD0000809,INV000172,2,626.16,1252.32
ITEM0000136,ORD0000928,INV000171,5,1399.32,6996.6
ITEM0000137,ORD0000592,INV000250,2,689.77,1379.54
ITEM0000138,ORD0000876,INV000212,5,1183.97,5919.85
ITEM0000139,ORD0000089,INV000165,2,404.25,808.5
ITEM0000140,ORD0000878,INV000168,4,469.57,1878.28
ITEM0000141,ORD0000501,INV000303,5,905.59,4527.95
ITEM0000142,ORD0000606,INV000256,2,683.3,1366.6
ITEM0000143,ORD0000858,INV000291,4,33.02,132.08
ITEM0000144,ORD0000286,INV000271,4,1268.51,5074.04
ITEM0000145,ORD0000748,INV000492,1,1495.77,1495.77
ITEM0000146,ORD0000754,INV000270,4,1145.1,4580.4
ITEM0000147,ORD0000254,INV000385,2,1036.2,2072.4
ITEM0000148,ORD0000445,INV000415,3,251.16,753.48
ITEM0000149,ORD0000228,INV000208,5,1250.09,6250.45
ITEM0000150,ORD0000969,INV000266,5,1302.8,6514.0
ITEM0000151,ORD0000936,INV000448,2,197.35,394.7
ITEM0000152,ORD0000920,INV000137,5,449.54,2247.7
ITEM0000153,ORD0000428,INV000436,1,1400.96,1400.96
ITEM0000154,ORD0000042,INV000278,1,1083.79,1083.79
ITEM0000155,ORD0000752,INV000369,4,1246.42,4985.68
ITEM0000156,ORD0000035,INV000495,5,1393.04,6965.2
ITEM0000157,ORD0000544,INV000419,4,756.35,3025.4
ITEM0000158,ORD0000491,INV000498,4,412.89,1651.56
ITEM0000159,ORD0000464,INV000150,1,659.45,659.45
ITEM0000160,ORD0000247,INV000214,4,1122.48,4489.92
ITEM0000161,ORD0000572,INV000188,1,706.89,706.89
ITEM0000162,ORD0000710,INV000124,1,345.09,345.09
ITEM0000163,ORD0000973,INV000295,4,1248.88,4995.52
ITEM0000164,ORD0000136,INV000404,2,1191.58,2383.16
ITEM0000165,ORD0000303,INV000042,3,1409.16,4227.48
ITEM0000166,ORD0000664,INV000268,2,236.32,472.64
ITEM0000167,ORD0000017,INV000075,1,101.02,101.02
ITEM0000168,ORD0000686,INV000188,4,706.89,2827.56
ITEM0000169,ORD0000166,INV000063,3,369.76,1109.28
ITEM0000170,ORD0000879,INV000044,4,896.87,3587.48
ITEM0000171,ORD0000766,INV000444,5,552.08,2760.4
ITEM0000172,ORD0000025,INV000016,5,919.46,4597.3
ITEM0000173,ORD0000475,INV000425,4,964.65,3858.6
ITEM0000174,ORD0000896,INV000322,2,497.89,995.78
ITEM0000175,ORD0000190,INV000489,4,431.7,1726.8
ITEM0000176,ORD0000642,INV000354,3,1376.51,4129.53
ITEM0000177,ORD0000721,INV000235,4,95.52,382.08
ITEM0000178,ORD0000882,INV000243,1,1198.78,1198.78
ITEM0000179,ORD0000395,INV000204,1,1499.06,1499.06
ITEM0000180,ORD0000544,INV000213,3,1099.88,3299.64
ITEM0000181,ORD0000304,INV000421,1,1264.58,1264.58
ITEM0000182,ORD0000771,INV000146,4,1363.08,5452.32
ITEM0000183,ORD0000715,INV000345,3,834.04,2502.12
ITEM0000184,ORD0000556,INV000483,5,367.47,1837.35
ITEM0000185,ORD0000814,INV000459,5,877.63,4388.15
ITEM0000186,ORD0000807,INV000270,2,1145.1,2290.2
ITEM0000187,ORD0000636,INV000360,1,949.77,949.77
ITEM0000188,ORD0000754,INV000464,3,860.99,2582.97
ITEM0000189,ORD0000528,INV000471,1,1015.42,1015.42
ITEM0000190,ORD0000910,INV000113,3,1081.51,3244.53
ITEM0000191,ORD0000114,INV000361,1,440.45,440.45
ITEM0000192,ORD0000375,INV000235,4,95.52,382.08
ITEM0000193,ORD0000634,INV000458,4,555.69,2222.76
ITEM0000194,ORD0000375,INV000097,1,1412.5,1412.5
ITEM0000195,ORD0000180,INV000330,3,32.25,96.75
ITEM0000196,ORD0000722,INV000389,5,1429.42,7147.1
ITEM0000197,ORD0000575,INV000433,1,677.15,677.15
ITEM0000198,ORD0000142,INV000205,2,359.62,719.24
ITEM0000199,ORD0000245,INV000069,3,1116.76,3350.28
ITEM0000200,ORD0000117,INV000370,5,949.45,4747.25
ITEM0000201,ORD0000756,INV000300,4,798.25,3193.0
ITEM0000202,ORD0000893,INV000373,5,476.82,2384.1
ITEM0000203,ORD0000772,INV000168,2,469.57,939.14
ITEM0000204,ORD0000329,INV000440,2,1450.2,2900.4
ITEM0000205,ORD0000920,INV000095,3,1447.26,4341.78
ITEM0000206,ORD0000516,INV000057,3,429.26,1287.78
ITEM0000207,ORD0000284,INV000241,4,1162.68,4650.72
ITEM0000208,ORD0000065,INV000462,1,788.73,788.73
ITEM0000209,ORD0000354,INV000181,3,859.84,2579.52
ITEM0000210,ORD0000498,INV000333,4,447.21,1788.84
ITEM0000211,ORD0000540,INV000049,5,996.76,4983.8
ITEM0000212,ORD0000482,INV000041,1,964.02,964.02
ITEM0000213,ORD0000695,INV000278,5,1083.79,5418.95
ITEM0000214,ORD0000922,INV000238,5,80.61,403.05
ITEM0000215,ORD0000463,INV000428,3,662.21,1986.63
ITEM0000216,ORD0000377,INV000035,5,243.0,1215.0
ITEM0000217,ORD0000193,INV000068,1,1246.7,1246.7
ITEM0000218,ORD0000090,INV000049,4,996.76,3987.04
ITEM0000219,ORD0000401,INV000229,1,559.66,559.66
ITEM0000220,ORD0000296,INV000387,2,415.46,830.92
ITEM0000221,ORD0000112,INV000081,1,48.39,48.39
ITEM0000222,ORD0000283,INV000346,2,431.17,862.34
ITEM0000223,ORD0000714,INV000306,1,1023.29,1023.29
ITEM0000224,ORD0000509,INV000008,2,631.74,1263.48
ITEM0000225,ORD0000896,INV000329,2,970.81,1941.62
ITEM0000226,ORD0000534,INV000499,2,247.93,495.86
ITEM0000227,ORD0000301,INV000138,1,855.1,855.1
ITEM0000228,ORD0000993,INV000341,4,554.92,2219.68
ITEM0000229,ORD0000955,INV000008,5,631.74,3158.7
ITEM0000230,ORD0000486,INV000444,2,552.08,1104.16
ITEM0000231,ORD0000431,INV000061,3,685.85,2057.55
ITEM0000232,ORD0000756,INV000051,4,833.85,3335.4
ITEM0000233,ORD0000299,INV000362,1,364.64,364.64
ITEM0000234,ORD0000065,INV000094,2,910.81,1821.62
ITEM0000235,ORD0000893,INV000332,1,343.68,343.68
ITEM0000236,ORD0000855,INV000260,2,1095.77,2191.54
ITEM0000237,ORD0000661,INV000462,5,788.73,3943.65
ITEM0000238,ORD0000422,INV000025,3,246.57,739.71
ITEM0000239,ORD0000352,INV000261,5,999.34,4996.7
ITEM0000240,ORD0000498,INV000197,3,266.73,800.19
ITEM0000241,ORD0000682,INV000025,5,246.57,1232.85
ITEM0000242,ORD0000863,INV000262,5,105.36,526.8
ITEM0000243,ORD0000456,INV000210,5,933.23,4666.15
ITEM0000244,ORD0000312,INV000324,4,503.38,2013.52
ITEM0000245,ORD0000136,INV000406,5,1186.61,5933.05
ITEM0000246,ORD0000176,INV000148,3,661.53,1984.59
ITEM0000247,ORD0000233,INV000482,3,168.29,504.87
ITEM0000248,ORD0000381,INV000173,4,687.9,2751.6
ITEM0000249,ORD0000789,INV000428,3,662.21,1986.63
ITEM0000250,ORD0000152,INV000415,1,251.16,251.16
ITEM0000251,ORD0000292,INV000292,3,865.76,2597.28
ITEM0000252,ORD0000980,INV000490,4,805.05,3220.2
ITEM0000253,ORD0000634,INV000075,2,101.02,202.04
ITEM0000254,ORD0000729,INV000180,2,685.74,1371.48
ITEM0000255,ORD0000293,INV000431,5,200.5,1002.5
ITEM0000256,ORD0000997,INV000258,2,647.95,1295.9
ITEM0000257,ORD0000860,INV000073,2,482.97,965.94
ITEM0000258,ORD0000166,INV000385,2,1036.2,2072.4
ITEM0000259,ORD0000120,INV000307,2,1297.05,2594.1
ITEM0000260,ORD0000325,INV000182,1,480.67,480.67
ITEM0000261,ORD0000130,INV000260,5,1095.77,5478.85
ITEM0000262,ORD0000267,INV000287,4,1147.42,4589.68
ITEM0000263,ORD0000189,INV000171,3,1399.32,4197.96
ITEM0000264,ORD0000576,INV000031,2,1171.27,2342.54
ITEM0000265,ORD0000682,INV000143,1,53.8,53.8
ITEM0000266,ORD0000353,INV000334,3,994.58,2983.74
ITEM0000267,ORD0000382,INV000354,2,1376.51,2753.02
ITEM0000268,ORD0000553,INV000443,4,205.23,820.92
ITEM0000269,ORD0000547,INV000191,2,928.1,1856.2
ITEM0000270,ORD0000125,INV000461,3,1083.49,3250.47
ITEM0000271,ORD0000415,INV000291,1,33.02,33.02
ITEM0000272,ORD0000787,INV000124,4,345.09,1380.36
ITEM0000273,ORD0000971,INV000368,2,71.28,142.56
ITEM0000274,ORD0000951,INV000350,4,84.62,338.48
ITEM0000275,ORD0000160,INV000364,3,588.73,1766.19
ITEM0000276,ORD0000994,INV000177,1,427.84,427.84
ITEM0000277,ORD0001000,INV000381,5,1202.72,6013.6
ITEM0000278,ORD0000340,INV000428,5,662.21,3311.05
ITEM0000279,ORD0000486,INV000337,3,1083.17,3249.51
ITEM0000280,ORD0000993,INV000261,3,999.34,2998.02
ITEM0000281,ORD0000683,INV000392,5,909.62,4548.1
ITEM0000282,ORD0000819,INV000374,2,1483.74,2967.48
ITEM0000283,ORD0000747,INV000337,5,1083.17,5415.85
ITEM0000284,ORD0000347,INV000331,4,515.89,2063.56
ITEM0000285,ORD0000750,INV000243,1,1198.78,1198.78
ITEM0000286,ORD0000922,INV000123,4,1470.86,5883.44
ITEM0000287,ORD0000143,INV000205,1,359.62,359.62
ITEM0000288,ORD0000120,INV000267,5,902.61,4513.05
ITEM0000289,ORD0000026,INV000463,3,225.92,677.76
ITEM0000290,ORD0000633,INV000469,4,790.59,3162.36
ITEM0000291,ORD0000457,INV000203,2,1037.02,2074.04
ITEM0000292,ORD0000095,INV000012,3,690.14,2070.42
ITEM0000293,ORD0000057,INV000310,3,763.47,2290.41
ITEM0000294,ORD0000657,INV000069,5,1116.76,5583.8
ITEM0000295,ORD0000598,INV000396,2,751.07,1502.14
ITEM0000296,ORD0000228,INV000346,5,431.17,2155.85
ITEM0000297,ORD0000201,INV000418,3,192.13,576.39
ITEM0000298,ORD0000086,INV000094,1,910.81,910.81
ITEM0000299,ORD0000870,INV000204,5,1499.06,7495.3
ITEM0000300,ORD0000694,INV000475,4,526.46,2105.84
ITEM0000301,ORD0001000,INV000463,1,225.92,225.92
ITEM0000302,ORD0000404,INV000398,5,1494.57,7472.85
ITEM0000303,ORD0000503,INV000322,2,497.89,995.78
ITEM0000304,ORD0000618,INV000379,3,511.86,1535.58
ITEM0000305,ORD0000524,INV000300,5,798.25,3991.25
ITEM0000306,ORD0000931,INV000396,1,751.07,751.07
ITEM0000307,ORD0000408,INV000155,3,1374.53,4123.59
ITEM0000308,ORD0000734,INV000190,2,1431.44,2862.88
ITEM0000309,ORD0000379,INV000057,4,429.26,1717.04
ITEM0000310,ORD0000382,INV000016,4,919.46,3677.84
ITEM0000311,ORD0000292,INV000287,1,1147.42,1147.42
ITEM0000312,ORD0000360,INV000030,3,319.06,957.18
ITEM0000313,ORD0000457,INV000148,3,661.53,1984.59
ITEM0000314,ORD0000090,INV000141,5,830.23,4151.15
ITEM0000315,ORD0000746,INV000340,2,803.35,1606.7
ITEM0000316,ORD0000760,INV000386,4,1091.59,4366.36
ITEM0000317,ORD0000823,INV000356,4,387.61,1550.44
ITEM0000318,ORD0000296,INV000280,4,1012.58,4050.32
ITEM0000319,ORD0000826,INV000273,2,274.72,549.44
ITEM0000320,ORD0000747,INV000198,4,749.01,2996.04
ITEM0000321,ORD0000143,INV000187,4,617.92,2471.68
ITEM0000322,ORD0000613,INV000216,5,1246.56,6232.8
ITEM0000323,ORD0000148,INV000466,1,622.38,622.38
ITEM0000324,ORD0000311,INV000367,2,1158.39,2316.78
ITEM0000325,ORD0000889,INV000351,4,582.32,2329.28
ITEM0000326,ORD0000344,INV000230,5,883.07,4415.35
ITEM0000327,ORD0000956,INV000431,1,200.5,200.5
ITEM0000328,ORD0000775,INV000087,5,420.99,2104.95
ITEM0000329,ORD0000091,INV000418,4,192.13,768.52
ITEM0000330,ORD0000420,INV000207,1,415.35,415.35
ITEM0000331,ORD0000425,INV000214,3,1122.48,3367.44
ITEM0000332,ORD0000570,INV000308,2,662.45,1324.9
ITEM0000333,ORD0000728,INV000448,4,197.35,789.4
ITEM0000334,ORD0000774,INV000025,5,246.57,1232.85
ITEM0000335,ORD0000205,INV000438,2,750.65,1501.3
ITEM0000336,ORD0000853,INV000408,2,103.29,206.58
ITEM0000337,ORD0000297,INV000426,4,1208.01,4832.04
ITEM0000338,ORD0000503,INV000357,5,171.22,856.1
ITEM0000339,ORD0000843,INV000007,1,870.48,870.48
ITEM0000340,ORD0000855,INV000500,3,26.06,78.18
ITEM0000341,ORD0000312,INV000457,5,1064.57,5322.85
ITEM0000342,ORD0000573,INV000324,4,503.38,2013.52
ITEM0000343,ORD0000230,INV000205,4,359.62,1438.48
ITEM0000344,ORD0000811,INV000206,1,1489.07,1489.07
ITEM0000345,ORD0000158,INV000200,1,1001.93,1001.93
ITEM0000346,ORD0000308,INV000398,3,1494.57,4483.71
ITEM0000347,ORD0000128,INV000362,4,364.64,1458.56
ITEM0000348,ORD0000428,INV000042,3,1409.16,4227.48
ITEM0000349,ORD0000504,INV000099,2,1195.36,2390.72
ITEM0000350,ORD0000030,INV000275,2,109.03,218.06
ITEM0000351,ORD0000784,INV000150,1,659.45,659.45
ITEM0000352,ORD0000505,INV000234,3,153.54,460.62
ITEM0000353,ORD0000614,INV000350,1,84.62,84.62
ITEM0000354,ORD0000596,INV000122,3,328.5,985.5
ITEM0000355,ORD0000580,INV000318,4,1062.89,4251.56
ITEM0000356,ORD0000890,INV000339,4,1129.82,4519.28
ITEM0000357,ORD0000644,INV000005,3,107.44,322.32
ITEM0000358,ORD0000998,INV000216,4,1246.56,4986.24
ITEM0000359,ORD0000383,INV000379,1,511.86,511.86
ITEM0000360,ORD0000751,INV000084,5,130.5,652.5
ITEM0000361,ORD0000018,INV000342,5,695.21,3476.05
ITEM0000362,ORD0000167,INV000067,3,1425.31,4275.93
ITEM0000363,ORD0000060,INV000004,5,90.03,450.15
ITEM0000364,ORD0000328,INV000273,2,274.72,549.44
ITEM0000365,ORD0000900,INV000073,4,482.97,1931.88
ITEM0000366,ORD0000366,INV000465,2,33.31,66.62
ITEM0000367,ORD0000055,INV000048,2,549.51,1099.02
ITEM0000368,ORD0000370,INV000011,3,477.68,1433.04
ITEM0000369,ORD0000652,INV000119,4,1055.77,4223.08
ITEM0000370,ORD0000050,INV000134,3,1490.91,4472.73
ITEM0000371,ORD0000299,INV000038,3,461.26,1383.78
ITEM0000372,ORD0000655,INV000063,5,369.76,1848.8
ITEM0000373,ORD0000527,INV000452,1,1071.82,1071.82
ITEM0000374,ORD0000785,INV000046,2,1349.76,2699.52
ITEM0000375,ORD0000784,INV000336,2,1247.86,2495.72
ITEM0000376,ORD0000614,INV000238,1,80.61,80.61
ITEM0000377,ORD0000557,INV000328,2,1006.82,2013.64
ITEM0000378,ORD0000894,INV000233,3,329.82,989.46
ITEM0000379,ORD0000847,INV000158,3,1287.31,3861.93
ITEM0000380,ORD0000278,INV000415,3,251.16,753.48
ITEM0000381,ORD0000099,INV000194,3,73.76,221.28
ITEM0000382,ORD0000594,INV000256,5,683.3,3416.5
ITEM0000383,ORD0000844,INV000171,3,1399.32,4197.96
ITEM0000384,ORD0000014,INV000409,2,1154.9,2309.8
ITEM0000385,ORD0000531,INV000328,2,1006.82,2013.64
ITEM0000386,ORD0000382,INV000021,3,309.38,928.14
ITEM0000387,ORD0000422,INV000237,4,995.84,3983.36
ITEM0000388,ORD0000944,INV000303,3,905.59,2716.77
ITEM0000389,ORD0000105,INV000158,2,1287.31,2574.62
ITEM0000390,ORD0000159,INV000202,2,1418.13,2836.26
ITEM0000391,ORD0000227,INV000196,5,799.09,3995.45
ITEM0000392,ORD0000815,INV000234,2,153.54,307.08
ITEM0000393,ORD0000629,INV000102,5,1234.38,6171.9
ITEM0000394,ORD0000867,INV000223,5,1013.88,5069.4
ITEM0000395,ORD0000730,INV000322,5,497.89,2489.45
ITEM0000396,ORD0000720,INV000279,5,1325.6,6628.0
ITEM0000397,ORD0000428,INV000409,1,1154.9,1154.9
ITEM0000398,ORD0000939,INV000490,4,805.05,3220.2
ITEM0000399,ORD0000120,INV000456,1,763.44,763.44
ITEM0000400,ORD0000946,INV000009,2,1402.39,2804.78
ITEM0000401,ORD0000492,INV000306,1,1023.29,1023.29
ITEM0000402,ORD0000320,INV000015,3,557.44,1672.32
ITEM0000403,ORD0000143,INV000131,3,1234.06,3702.18
ITEM0000404,ORD0000912,INV000368,4,71.28,285.12
ITEM0000405,ORD0000536,INV000372,5,443.7,2218.5
ITEM0000406,ORD0000177,INV000244,3,27.22,81.66
ITEM0000407,ORD0000030,INV000376,3,538.68,1616.04
ITEM0000408,ORD0000228,INV000246,1,1113.87,1113.87
ITEM0000409,ORD0000878,INV000019,2,1335.12,2670.24
ITEM0000410,ORD0000705,INV000335,2,897.88,1795.76
ITEM0000411,ORD0000315,INV000264,2,836.77,1673.54
ITEM0000412,ORD0000215,INV000156,2,954.0,1908.0
ITEM0000413,ORD0000081,INV000275,2,109.03,218.06
ITEM0000414,ORD0000708,INV000037,4,303.36,1213.44
ITEM0000415,ORD0000080,INV000033,1,1322.72,1322.72
ITEM0000416,ORD0000794,INV000355,1,675.66,675.66
ITEM0000417,ORD0000776,INV000208,4,1250.09,5000.36
ITEM0000418,ORD0000044,INV000013,4,808.76,3235.04
ITEM0000419,ORD0000111,INV000449,2,1193.37,2386.74
ITEM0000420,ORD0000813,INV000198,1,749.01,749.01
ITEM0000421,ORD0000608,INV000471,5,1015.42,5077.1
ITEM0000422,ORD0000481,INV000362,1,364.64,364.64
ITEM0000423,ORD0000931,INV000435,1,376.16,376.16
ITEM0000424,ORD0000045,INV000094,3,910.81,2732.43
ITEM0000425,ORD0000309,INV000266,1,1302.8,1302.8
ITEM0000426,ORD0000773,INV000396,1,751.07,751.07
ITEM0000427,ORD0000802,INV000305,1,1132.9,1132.9
ITEM0000428,ORD0000943,INV000320,1,616.11,616.11
ITEM0000429,ORD0000211,INV000036,5,1308.89,6544.45
ITEM0000430,ORD0000923,INV000213,5,1099.88,5499.4
ITEM0000431,ORD0000190,INV000205,2,359.62,719.24
ITEM0000432,ORD0000030,INV000439,3,139.62,418.86
ITEM0000433,ORD0000150,INV000374,1,1483.74,1483.74
ITEM0000434,ORD0000972,INV000265,3,1006.67,3020.01
ITEM0000435,ORD0000357,INV000276,5,1120.44,5602.2
ITEM0000436,ORD0000165,INV000017,3,1003.46,3010.38
ITEM0000437,ORD0000800,INV000380,5,554.18,2770.9
ITEM0000438,ORD0000248,INV000294,5,261.95,1309.75
ITEM0000439,ORD0000584,INV000408,5,103.29,516.45
ITEM0000440,ORD0000102,INV000236,1,1423.77,1423.77
ITEM0000441,ORD0000782,INV000359,5,98.9,494.5
ITEM0000442,ORD0000542,INV000314,1,1364.03,1364.03
ITEM0000443,ORD0000733,INV000237,2,995.84,1991.68
ITEM0000444,ORD0000988,INV000452,2,1071.82,2143.64
ITEM0000445,ORD0000176,INV000178,3,1298.56,3895.68
ITEM0000446,ORD0000005,INV000408,5,103.29,516.45
ITEM0000447,ORD0000947,INV000263,1,650.66,650.66
ITEM0000448,ORD0000943,INV000465,2,33.31,66.62
ITEM0000449,ORD0000872,INV000075,5,101.02,505.1
ITEM0000450,ORD0000376,INV000194,4,73.76,295.04
ITEM0000451,ORD0000190,INV000286,5,310.61,1553.05
ITEM0000452,ORD0000690,INV000362,4,364.64,1458.56
ITEM0000453,ORD0000186,INV000146,1,1363.08,1363.08
ITEM0000454,ORD0000389,INV000020,3,412.16,1236.48
ITEM0000455,ORD0000220,INV000052,4,1017.59,4070.36
ITEM0000456,ORD0000234,INV000362,5,364.64,1823.2
ITEM0000457,ORD0000116,INV000390,4,57.02,228.08
ITEM0000458,ORD0000127,INV000410,3,192.36,577.08
ITEM0000459,ORD0000113,INV000207,4,415.35,1661.4
ITEM0000460,ORD0000140,INV000377,5,413.46,2067.3
ITEM0000461,ORD0000781,INV000279,4,1325.6,5302.4
ITEM0000462,ORD0000722,INV000301,3,1092.43,3277.29
ITEM0000463,ORD0000571,INV000034,3,1174.67,3524.01
ITEM0000464,ORD0000085,INV000204,1,1499.06,1499.06
ITEM0000465,ORD0000506,INV000151,3,1103.13,3309.39
ITEM0000466,ORD0000395,INV000453,1,227.67,227.67
ITEM0000467,ORD0000468,INV000450,3,1133.67,3401.01
ITEM0000468,ORD0000754,INV000077,5,1357.73,6788.65
ITEM0000469,ORD0000704,INV000491,3,629.74,1889.22
ITEM0000470,ORD0000232,INV000158,4,1287.31,5149.24
ITEM0000471,ORD0000418,INV000279,5,1325.6,6628.0
ITEM0000472,ORD0000876,INV000430,3,1102.63,3307.89
ITEM0000473,ORD0000194,INV000147,4,94.16,376.64
ITEM0000474,ORD0000917,INV000079,1,1131.45,1131.45
ITEM0000475,ORD0000962,INV000050,4,1002.0,4008.0
ITEM0000476,ORD0000184,INV000209,3,912.56,2737.68
ITEM0000477,ORD0000691,INV000094,1,910.81,910.81
ITEM0000478,ORD0000689,INV000027,4,820.66,3282.64
ITEM0000479,ORD0000406,INV000285,1,595.92,595.92
ITEM0000480,ORD0000536,INV000423,4,978.44,3913.76
ITEM0000481,ORD0000123,INV000048,1,549.51,549.51
ITEM0000482,ORD0000405,INV000240,2,881.64,1763.28
ITEM0000483,ORD0000712,INV000117,4,712.52,2850.08
ITEM0000484,ORD0000105,INV000158,5,1287.31,6436.55
ITEM0000485,ORD0000067,INV000053,2,612.08,1224.16
ITEM0000486,ORD0000999,INV000261,3,999.34,2998.02
ITEM0000487,ORD0000347,INV000259,2,511.7,1023.4
ITEM0000488,ORD0000610,INV000468,2,780.43,1560.86
ITEM0000489,ORD0000126,INV000067,4,1425.31,5701.24
ITEM0000490,ORD0000859,INV000215,2,1180.84,2361.68
ITEM0000491,ORD0000743,INV000115,4,1190.43,4761.72
ITEM0000492,ORD0000286,INV000338,4,1016.16,4064.64
ITEM0000493,ORD0000608,INV000346,5,431.17,2155.85
ITEM0000494,ORD0000775,INV000118,3,1494.96,4484.88
ITEM0000495,ORD0000365,INV000324,4,503.38,2013.52
ITEM0000496,ORD0000683,INV000217,4,1121.11,4484.44
ITEM0000497,ORD0000973,INV000110,5,733.89,3669.45
ITEM0000498,ORD0000497,INV000235,4,95.52,382.08
ITEM0000499,ORD0000286,INV000057,5,429.26,2146.3
ITEM0000500,ORD0000787,INV000464,2,860.99,1721.98
ITEM0000501,ORD0000111,INV000033,4,1322.72,5290.88
ITEM0000502,ORD0000257,INV000184,1,1447.41,1447.41
ITEM0000503,ORD0000510,INV000330,4,32.25,129.0
ITEM0000504,ORD0000644,INV000347,2,676.73,1353.46
ITEM0000505,ORD0000031,INV000314,2,1364.03,2728.06
ITEM0000506,ORD0000756,INV000194,1,73.76,73.76
ITEM0000507,ORD0000851,INV000447,1,1238.84,1238.84
ITEM0000508,ORD0000511,INV000477,1,1344.16,1344.16
ITEM0000509,ORD0000996,INV000042,1,1409.16,1409.16
ITEM0000510,ORD0000392,INV000001,2,236.42,472.84
ITEM0000511,ORD0000696,INV000244,5,27.22,136.1
ITEM0000512,ORD0000157,INV000172,3,626.16,1878.48
ITEM0000513,ORD0000637,INV000398,3,1494.57,4483.71
ITEM0000514,ORD0000099,INV000429,5,513.59,2567.95
ITEM0000515,ORD0000677,INV000306,1,1023.29,1023.29
ITEM0000516,ORD0000786,INV000108,5,1323.04,6615.2
ITEM0000517,ORD0000812,INV000110,4,733.89,2935.56
ITEM0000518,ORD0000207,INV000243,4,1198.78,4795.12
ITEM0000519,ORD0000678,INV000353,3,1188.11,3564.33
ITEM0000520,ORD0000503,INV000237,4,995.84,3983.36
ITEM0000521,ORD0000268,INV000036,5,1308.89,6544.45
ITEM0000522,ORD0000352,INV000379,5,511.86,2559.3
ITEM0000523,ORD0000560,INV000126,5,1461.57,7307.85
ITEM0000524,ORD0000976,INV000200,1,1001.93,1001.93
ITEM0000525,ORD0000441,INV000196,1,799.09,799.09
ITEM0000526,ORD0000393,INV000191,1,928.1,928.1
ITEM0000527,ORD0000323,INV000187,4,617.92,2471.68
ITEM0000528,ORD0000454,INV000068,4,1246.7,4986.8
ITEM0000529,ORD0000037,INV000321,4,1184.89,4739.56
ITEM0000530,ORD0000182,INV000115,1,1190.43,1190.43
ITEM0000531,ORD0000676,INV000321,5,1184.89,5924.45
ITEM0000532,ORD0000906,INV000201,3,1018.03,3054.09
ITEM0000533,ORD0000504,INV000162,2,988.2,1976.4
ITEM0000534,ORD0000138,INV000340,4,803.35,3213.4
ITEM0000535,ORD0000733,INV000172,3,626.16,1878.48
ITEM0000536,ORD0000500,INV000425,4,964.65,3858.6
ITEM0000537,ORD0000583,INV000489,1,431.7,431.7
ITEM0000538,ORD0000676,INV000208,4,1250.09,5000.36
ITEM0000539,ORD0000702,INV000372,5,443.7,2218.5
ITEM0000540,ORD0000586,INV000478,5,439.23,2196.15
ITEM0000541,ORD0000488,INV000291,4,33.02,132.08
ITEM0000542,ORD0000875,INV000238,5,80.61,403.05
ITEM0000543,ORD0000519,INV000074,2,230.49,460.98
ITEM0000544,ORD0000401,INV000409,1,1154.9,1154.9
ITEM0000545,ORD0000507,INV000058,3,144.61,433.83
ITEM0000546,ORD0000995,INV000319,5,549.03,2745.15
ITEM0000547,ORD0000632,INV000192,4,1121.42,4485.68
ITEM0000548,ORD0000785,INV000078,3,718.08,2154.24
ITEM0000549,ORD0000329,INV000097,3,1412.5,4237.5
ITEM0000550,ORD0000029,INV000096,1,1393.69,1393.69
ITEM0000551,ORD0000047,INV000080,5,734.9,3674.5
ITEM0000552,ORD0000858,INV000089,2,1499.86,2999.72
ITEM0000553,ORD0000358,INV000335,3,897.88,2693.64
ITEM0000554,ORD0000028,INV000182,5,480.67,2403.35
ITEM0000555,ORD0000390,INV000273,3,274.72,824.16
ITEM0000556,ORD0000439,INV000467,1,1309.86,1309.86
ITEM0000557,ORD0000366,INV000220,3,140.0,420.0
ITEM0000558,ORD0000360,INV000456,4,763.44,3053.76
ITEM0000559,ORD0000678,INV000263,1,650.66,650.66
ITEM0000560,ORD0000254,INV000049,2,996.76,1993.52
ITEM0000561,ORD0000664,INV000253,2,486.56,973.12
ITEM0000562,ORD0000607,INV000317,3,759.3,2277.9
ITEM0000563,ORD0000933,INV000025,1,246.57,246.57
ITEM0000564,ORD0000890,INV000071,1,941.99,941.99
ITEM0000565,ORD0000118,INV000290,3,112.75,338.25
ITEM0000566,ORD0000174,INV000489,3,431.7,1295.1
ITEM0000567,ORD0000552,INV000499,1,247.93,247.93
ITEM0000568,ORD0000039,INV000201,3,1018.03,3054.09
ITEM0000569,ORD0000674,INV000345,4,834.04,3336.16
ITEM0000570,ORD0000582,INV000460,4,401.97,1607.88
ITEM0000571,ORD0000924,INV000313,5,696.75,3483.75
ITEM0000572,ORD0000274,INV000285,4,595.92,2383.68
ITEM0000573,ORD0000713,INV000186,1,791.3,791.3
ITEM0000574,ORD0000603,INV000268,4,236.32,945.28
ITEM0000575,ORD0000325,INV000017,1,1003.46,1003.46
ITEM0000576,ORD0000585,INV000391,4,546.42,2185.68
ITEM0000577,ORD0000331,INV000184,4,1447.41,5789.64
ITEM0000578,ORD0000101,INV000171,5,1399.32,6996.6
ITEM0000579,ORD0000103,INV000268,4,236.32,945.28
ITEM0000580,ORD0000345,INV000165,2,404.25,808.5
ITEM0000581,ORD0000515,INV000114,4,1037.46,4149.84
ITEM0000582,ORD0000171,INV000147,3,94.16,282.48
ITEM0000583,ORD0000307,INV000132,5,867.65,4338.25
ITEM0000584,ORD0000993,INV000054,3,433.94,1301.82
ITEM0000585,ORD0000207,INV000330,4,32.25,129.0
ITEM0000586,ORD0000651,INV000495,4,1393.04,5572.16
ITEM0000587,ORD0000861,INV000045,1,911.28,911.28
ITEM0000588,ORD0000220,INV000404,5,1191.58,5957.9
ITEM0000589,ORD0000272,INV000170,3,1420.86,4262.58
ITEM0000590,ORD0000305,INV000424,1,929.07,929.07
ITEM0000591,ORD0000412,INV000263,5,650.66,3253.3
ITEM0000592,ORD0000640,INV000152,2,141.53,283.06
ITEM0000593,ORD0000735,INV000373,1,476.82,476.82
ITEM0000594,ORD0000098,INV000437,5,1145.87,5729.35
ITEM0000595,ORD0000345,INV000304,5,1427.18,7135.9
ITEM0000596,ORD0000069,INV000178,3,1298.56,3895.68
ITEM0000597,ORD0000821,INV000490,5,805.05,4025.25
ITEM0000598,ORD0000487,INV000162,5,988.2,4941.0
ITEM0000599,ORD0000215,INV000275,4,109.03,436.12
ITEM0000600,ORD0000815,INV000032,3,1389.02,4167.06
ITEM0000601,ORD0000668,INV000425,1,964.65,964.65
ITEM0000602,ORD0000517,INV000216,3,1246.56,3739.68
ITEM0000603,ORD0000444,INV000386,3,1091.59,3274.77
ITEM0000604,ORD0000321,INV000308,5,662.45,3312.25
ITEM0000605,ORD0000425,INV000441,2,77.74,155.48
ITEM0000606,ORD0000258,INV000185,4,1305.2,5220.8
ITEM0000607,ORD0000528,INV000299,5,502.94,2514.7
ITEM0000608,ORD0000688,INV000021,4,309.38,1237.52
ITEM0000609,ORD0000185,INV000317,5,759.3,3796.5
ITEM0000610,ORD0000643,INV000265,1,1006.67,1006.67
ITEM0000611,ORD0000884,INV000114,5,1037.46,5187.3
ITEM0000612,ORD0000591,INV000160,2,684.96,1369.92
ITEM0000613,ORD0000219,INV000316,4,678.53,2714.12
ITEM0000614,ORD0000275,INV000401,4,1216.72,4866.88
ITEM0000615,ORD0000829,INV000213,5,1099.88,5499.4
ITEM0000616,ORD0000874,INV000248,5,680.75,3403.75
ITEM0000617,ORD0000958,INV000093,4,700.23,2800.92
ITEM0000618,ORD0000745,INV000207,5,415.35,2076.75
ITEM0000619,ORD0000535,INV000311,1,61.22,61.22
ITEM0000620,ORD0000374,INV000382,2,648.76,1297.52
ITEM0000621,ORD0000152,INV000129,4,720.68,2882.72
ITEM0000622,ORD0000155,INV000487,2,981.07,1962.14
ITEM0000623,ORD0000865,INV000038,3,461.26,1383.78
ITEM0000624,ORD0000421,INV000275,4,109.03,436.12
ITEM0000625,ORD0000881,INV000019,3,1335.12,4005.36
ITEM0000626,ORD0000650,INV000241,1,1162.68,1162.68
ITEM0000627,ORD0000867,INV000258,2,647.95,1295.9
ITEM0000628,ORD0000274,INV000295,4,1248.88,4995.52
ITEM0000629,ORD0000662,INV000083,3,1360.86,4082.58
ITEM0000630,ORD0000263,INV000310,2,763.47,1526.94
ITEM0000631,ORD0000242,INV000402,5,1065.76,5328.8
ITEM0000632,ORD0000245,INV000412,4,1317.55,5270.2
ITEM0000633,ORD0000154,INV000356,1,387.61,387.61
ITEM0000634,ORD0000029,INV000297,2,885.36,1770.72
ITEM0000635,ORD0000817,INV000072,2,1071.75,2143.5
ITEM0000636,ORD0000476,INV000090,3,1172.94,3518.82
ITEM0000637,ORD0000574,INV000147,4,94.16,376.64
ITEM0000638,ORD0000433,INV000147,4,94.16,376.64
ITEM0000639,ORD0000207,INV000142,1,678.5,678.5
ITEM0000640,ORD0000280,INV000188,2,706.89,1413.78
ITEM0000641,ORD0000030,INV000158,2,1287.31,2574.62
ITEM0000642,ORD0000809,INV000124,3,345.09,1035.27
ITEM0000643,ORD0000675,INV000473,3,341.18,1023.54
ITEM0000644,ORD0000181,INV000160,5,684.96,3424.8
ITEM0000645,ORD0000987,INV000188,1,706.89,706.89
ITEM0000646,ORD0000802,INV000149,4,1414.3,5657.2
ITEM0000647,ORD0000057,INV000031,1,1171.27,1171.27
ITEM0000648,ORD0000322,INV000062,1,1078.93,1078.93
ITEM0000649,ORD0000306,INV000473,5,341.18,1705.9
ITEM0000650,ORD0000923,INV000379,1,511.86,511.86
ITEM0000651,ORD0000919,INV000346,4,431.17,1724.68
ITEM0000652,ORD0000688,INV000096,3,1393.69,4181.07
ITEM0000653,ORD0000407,INV000092,1,361.62,361.62
ITEM0000654,ORD0000242,INV000206,2,1489.07,2978.14
ITEM0000655,ORD0000585,INV000442,1,432.19,432.19
ITEM0000656,ORD0000956,INV000481,5,1399.87,6999.35
ITEM0000657,ORD0000535,INV000286,1,310.61,310.61
ITEM0000658,ORD0000973,INV000223,5,1013.88,5069.4
ITEM0000659,ORD0000258,INV000376,5,538.68,2693.4
ITEM0000660,ORD0000906,INV000257,4,1190.68,4762.72
ITEM0000661,ORD0000244,INV000130,1,382.46,382.46
ITEM0000662,ORD0000126,INV000424,5,929.07,4645.35
ITEM0000663,ORD0000338,INV000243,3,1198.78,3596.34
ITEM0000664,ORD0000755,INV000085,5,276.68,1383.4
ITEM0000665,ORD0000826,INV000061,4,685.85,2743.4
ITEM0000666,ORD0000958,INV000477,2,1344.16,2688.32
ITEM0000667,ORD0000224,INV000259,4,511.7,2046.8
ITEM0000668,ORD0000110,INV000358,2,187.16,374.32
ITEM0000669,ORD0000220,INV000405,2,1477.77,2955.54
ITEM0000670,ORD0000451,INV000164,3,939.99,2819.97
ITEM0000671,ORD0000261,INV000064,4,1168.74,4674.96
ITEM0000672,ORD0000058,INV000380,5,554.18,2770.9
ITEM0000673,ORD0000547,INV000493,4,1405.23,5620.92
ITEM0000674,ORD0000717,INV000363,3,787.61,2362.83
ITEM0000675,ORD0000325,INV000034,1,1174.67,1174.67
ITEM0000676,ORD0000434,INV000275,5,109.03,545.15
ITEM0000677,ORD0000700,INV000493,4,1405.23,5620.92
ITEM0000678,ORD0000987,INV000248,2,680.75,1361.5
ITEM0000679,ORD0000901,INV000362,3,364.64,1093.92
ITEM0000680,ORD0000372,INV000203,2,1037.02,2074.04
ITEM0000681,ORD0000733,INV000427,4,683.05,2732.2
ITEM0000682,ORD0000842,INV000105,3,925.79,2777.37
ITEM0000683,ORD0000022,INV000150,3,659.45,1978.35
ITEM0000684,ORD0000036,INV000244,5,27.22,136.1
ITEM0000685,ORD0000708,INV000023,1,953.26,953.26
ITEM0000686,ORD0000260,INV000144,2,111.41,222.82
ITEM0000687,ORD0000394,INV000257,5,1190.68,5953.4
ITEM0000688,ORD0000655,INV000318,3,1062.89,3188.67
ITEM0000689,ORD0000925,INV000238,3,80.61,241.83
ITEM0000690,ORD0000548,INV000210,1,933.23,933.23
ITEM0000691,ORD0000879,INV000295,2,1248.88,2497.76
ITEM0000692,ORD0000398,INV000310,4,763.47,3053.88
ITEM0000693,ORD0000932,INV000440,1,1450.2,1450.2
ITEM0000694,ORD0000950,INV000068,4,1246.7,4986.8
ITEM0000695,ORD0000309,INV000367,3,1158.39,3475.17
ITEM0000696,ORD0000959,INV000374,1,1483.74,1483.74
ITEM0000697,ORD0000305,INV000441,2,77.74,155.48
ITEM0000698,ORD0000881,INV000397,2,396.36,792.72
ITEM0000699,ORD0000938,INV000472,2,292.43,584.86
ITEM0000700,ORD0000647,INV000288,4,16.56,66.24
ITEM0000701,ORD0000901,INV000117,3,712.52,2137.56
ITEM0000702,ORD0000809,INV000008,4,631.74,2526.96
ITEM0000703,ORD0000281,INV000188,1,706.89,706.89
ITEM0000704,ORD0000843,INV000247,1,716.99,716.99
ITEM0000705,ORD0000483,INV000489,4,431.7,1726.8
ITEM0000706,ORD0000949,INV000414,4,1247.93,4991.72
ITEM0000707,ORD0000735,INV000395,3,378.17,1134.51
ITEM0000708,ORD0000898,INV000215,4,1180.84,4723.36
ITEM0000709,ORD0000845,INV000109,1,507.91,507.91
ITEM0000710,ORD0000716,INV000406,2,1186.61,2373.22
ITEM0000711,ORD0000519,INV000006,3,184.23,552.69
ITEM0000712,ORD0000361,INV000053,1,612.08,612.08
ITEM0000713,ORD0000617,INV000348,4,142.11,568.44
ITEM0000714,ORD0000756,INV000320,5,616.11,3080.55
ITEM0000715,ORD0000465,INV000346,3,431.17,1293.51
ITEM0000716,ORD0000781,INV000378,1,1334.78,1334.78
ITEM0000717,ORD0000657,INV000487,1,981.07,981.07
ITEM0000718,ORD0000646,INV000158,2,1287.31,2574.62
ITEM0000719,ORD0000811,INV000313,4,696.75,2787.0
ITEM0000720,ORD0000004,INV000371,2,1075.49,2150.98
ITEM0000721,ORD0000205,INV000109,4,507.91,2031.64
ITEM0000722,ORD0000322,INV000396,3,751.07,2253.21
ITEM0000723,ORD0000085,INV000007,5,870.48,4352.4
ITEM0000724,ORD0000162,INV000117,1,712.52,712.52
ITEM0000725,ORD0000529,INV000020,2,412.16,824.32
ITEM0000726,ORD0000868,INV000262,2,105.36,210.72
ITEM0000727,ORD0000703,INV000124,5,345.09,1725.45
ITEM0000728,ORD0000812,INV000299,4,502.94,2011.76
ITEM0000729,ORD0000463,INV000471,3,1015.42,3046.26
ITEM0000730,ORD0000895,INV000332,4,343.68,1374.72
ITEM0000731,ORD0000267,INV000032,2,1389.02,2778.04
ITEM0000732,ORD0000704,INV000116,2,609.58,1219.16
ITEM0000733,ORD0000847,INV000160,5,684.96,3424.8
ITEM0000734,ORD0000819,INV000025,3,246.57,739.71
ITEM0000735,ORD0000204,INV000102,3,1234.38,3703.14
ITEM0000736,ORD0000425,INV000092,1,361.62,361.62
ITEM0000737,ORD0000187,INV000464,3,860.99,2582.97
ITEM0000738,ORD0000898,INV000138,4,855.1,3420.4
ITEM0000739,ORD0000968,INV000186,4,791.3,3165.2
ITEM0000740,ORD0000230,INV000023,5,953.26,4766.3
ITEM0000741,ORD0000971,INV000500,1,26.06,26.06
ITEM0000742,ORD0000946,INV000372,1,443.7,443.7
ITEM0000743,ORD0000663,INV000472,5,292.43,1462.15
ITEM0000744,ORD0000642,INV000117,5,712.52,3562.6
ITEM0000745,ORD0000929,INV000096,2,1393.69,2787.38
ITEM0000746,ORD0000998,INV000076,1,626.58,626.58
ITEM0000747,ORD0000204,INV000384,4,463.21,1852.84
ITEM0000748,ORD0000719,INV000182,3,480.67,1442.01
ITEM0000749,ORD0000051,INV000379,2,511.86,1023.72
ITEM0000750,ORD0000633,INV000201,4,1018.03,4072.12
ITEM0000751,ORD0000615,INV000130,4,382.46,1529.84
ITEM0000752,ORD0000153,INV000286,3,310.61,931.83
ITEM0000753,ORD0000982,INV000143,1,53.8,53.8
ITEM0000754,ORD0000175,INV000082,3,1261.56,3784.68
ITEM0000755,ORD0000121,INV000456,5,763.44,3817.2
ITEM0000756,ORD0000736,INV000453,1,227.67,227.67
ITEM0000757,ORD0000446,INV000001,5,236.42,1182.1
ITEM0000758,ORD0000848,INV000347,4,676.73,2706.92
ITEM0000759,ORD0000122,INV000366,4,1183.84,4735.36
ITEM0000760,ORD0000731,INV000334,2,994.58,1989.16
ITEM0000761,ORD0000196,INV000312,2,968.78,1937.56
ITEM0000762,ORD0000295,INV000247,3,716.99,2150.97
ITEM0000763,ORD0000392,INV000209,4,912.56,3650.24
ITEM0000764,ORD0000442,INV000280,2,1012.58,2025.16
ITEM0000765,ORD0000615,INV000213,2,1099.88,2199.76
ITEM0000766,ORD0000844,INV000239,2,1181.53,2363.06
ITEM0000767,ORD0000745,INV000162,3,988.2,2964.6
ITEM0000768,ORD0000429,INV000043,2,872.98,1745.96
ITEM0000769,ORD0000419,INV000152,2,141.53,283.06
ITEM0000770,ORD0000030,INV000481,2,1399.87,2799.74
ITEM0000771,ORD0001000,INV000433,3,677.15,2031.45
ITEM0000772,ORD0000242,INV000066,3,204.34,613.02
ITEM0000773,ORD0000462,INV000144,5,111.41,557.05
ITEM0000774,ORD0000379,INV000426,2,1208.01,2416.02
ITEM0000775,ORD0000701,INV000252,5,1070.04,5350.2
ITEM0000776,ORD0000088,INV000442,4,432.19,1728.76
ITEM0000777,ORD0000481,INV000223,1,1013.88,1013.88
ITEM0000778,ORD0000893,INV000297,2,885.36,1770.72
ITEM0000779,ORD0000998,INV000270,3,1145.1,3435.3
ITEM0000780,ORD0000704,INV000243,4,1198.78,4795.12
ITEM0000781,ORD0000731,INV000325,2,468.8,937.6
ITEM0000782,ORD0000726,INV000169,4,144.35,577.4
ITEM0000783,ORD0000754,INV000215,4,1180.84,4723.36
ITEM0000784,ORD0000263,INV000123,5,1470.86,7354.3
ITEM0000785,ORD0000098,INV000309,1,1195.51,1195.51
ITEM0000786,ORD0000061,INV000228,5,1331.45,6657.25
ITEM0000787,ORD0000341,INV000295,1,1248.88,1248.88
ITEM0000788,ORD0000483,INV000237,2,995.84,1991.68
ITEM0000789,ORD0000621,INV000197,3,266.73,800.19
ITEM0000790,ORD0000727,INV000257,5,1190.68,5953.4
ITEM0000791,ORD0000006,INV000425,1,964.65,964.65
ITEM0000792,ORD0000517,INV000416,3,1421.49,4264.47
ITEM0000793,ORD0000391,INV000266,5,1302.8,6514.0
ITEM0000794,ORD0000405,INV000426,3,1208.01,3624.03
ITEM0000795,ORD0000136,INV000198,3,749.01,2247.03
ITEM0000796,ORD0000043,INV000475,5,526.46,2632.3
ITEM0000797,ORD0000184,INV000046,5,1349.76,6748.8
ITEM0000798,ORD0000174,INV000204,3,1499.06,4497.18
ITEM0000799,ORD0000505,INV000345,5,834.04,4170.2
ITEM0000800,ORD0000899,INV000158,3,1287.31,3861.93
ITEM0000801,ORD0000136,INV000385,4,1036.2,4144.8
ITEM0000802,ORD0000325,INV000388,1,1008.42,1008.42
ITEM0000803,ORD0000444,INV000012,5,690.14,3450.7
ITEM0000804,ORD0000267,INV000427,2,683.05,1366.1
ITEM0000805,ORD0000321,INV000346,1,431.17,431.17
ITEM0000806,ORD0000131,INV000165,1,404.25,404.25
ITEM0000807,ORD0000893,INV000105,4,925.79,3703.16
ITEM0000808,ORD0000766,INV000033,3,1322.72,3968.16
ITEM0000809,ORD0000949,INV000077,3,1357.73,4073.19
ITEM0000810,ORD0000290,INV000288,4,16.56,66.24
ITEM0000811,ORD0000628,INV000103,3,955.2,2865.6
ITEM0000812,ORD0000530,INV000126,3,1461.57,4384.71
ITEM0000813,ORD0000447,INV000334,3,994.58,2983.74
ITEM0000814,ORD0000324,INV000406,2,1186.61,2373.22
ITEM0000815,ORD0000783,INV000116,4,609.58,2438.32
ITEM0000816,ORD0000570,INV000388,2,1008.42,2016.84
ITEM0000817,ORD0000055,INV000385,4,1036.2,4144.8
ITEM0000818,ORD0000153,INV000078,2,718.08,1436.16
ITEM0000819,ORD0000236,INV000153,1,1499.36,1499.36
ITEM0000820,ORD0000037,INV000034,2,1174.67,2349.34
ITEM0000821,ORD0000267,INV000440,4,1450.2,5800.8
ITEM0000822,ORD0000723,INV000473,2,341.18,682.36
ITEM0000823,ORD0000447,INV000462,4,788.73,3154.92
ITEM0000824,ORD0000917,INV000171,1,1399.32,1399.32
ITEM0000825,ORD0000042,INV000242,4,419.53,1678.12
ITEM0000826,ORD0000366,INV000101,4,761.41,3045.64
ITEM0000827,ORD0000497,INV000472,5,292.43,1462.15
ITEM0000828,ORD0000505,INV000246,4,1113.87,4455.48
ITEM0000829,ORD0000867,INV000073,1,482.97,482.97
ITEM0000830,ORD0000127,INV000369,2,1246.42,2492.84
ITEM0000831,ORD0000096,INV000162,3,988.2,2964.6
ITEM0000832,ORD0000890,INV000411,2,701.42,1402.84
ITEM0000833,ORD0000185,INV000254,3,416.15,1248.45
ITEM0000834,ORD0000768,INV000035,2,243.0,486.0
ITEM0000835,ORD0000843,INV000169,5,144.35,721.75
ITEM0000836,ORD0000577,INV000238,3,80.61,241.83
ITEM0000837,ORD0000218,INV000024,5,10.3,51.5
ITEM0000838,ORD0000995,INV000218,5,1444.53,7222.65
ITEM0000839,ORD0000539,INV000078,1,718.08,718.08
ITEM0000840,ORD0000185,INV000336,5,1247.86,6239.3
ITEM0000841,ORD0000943,INV000153,4,1499.36,5997.44
ITEM0000842,ORD0000253,INV000149,1,1414.3,1414.3
ITEM0000843,ORD0000694,INV000040,4,421.51,1686.04
ITEM0000844,ORD0000909,INV000144,1,111.41,111.41
ITEM0000845,ORD0000027,INV000500,3,26.06,78.18
ITEM0000846,ORD0000698,INV000410,3,192.36,577.08
ITEM0000847,ORD0000404,INV000326,1,894.59,894.59
ITEM0000848,ORD0000605,INV000260,3,1095.77,3287.31
ITEM0000849,ORD0000858,INV000390,1,57.02,57.02
ITEM0000850,ORD0000158,INV000278,3,1083.79,3251.37
ITEM0000851,ORD0000084,INV000317,1,759.3,759.3
ITEM0000852,ORD0000851,INV000151,4,1103.13,4412.52
ITEM0000853,ORD0000465,INV000426,4,1208.01,4832.04
ITEM0000854,ORD0000609,INV000199,3,694.42,2083.26
ITEM0000855,ORD0000338,INV000208,1,1250.09,1250.09
ITEM0000856,ORD0000672,INV000096,1,1393.69,1393.69
ITEM0000857,ORD0000974,INV000151,5,1103.13,5515.65
ITEM0000858,ORD0000333,INV000122,4,328.5,1314.0
ITEM0000859,ORD0000133,INV000186,5,791.3,3956.5
ITEM0000860,ORD0000884,INV000196,2,799.09,1598.18
ITEM0000861,ORD0000821,INV000295,1,1248.88,1248.88
ITEM0000862,ORD0000331,INV000177,3,427.84,1283.52
ITEM0000863,ORD0000762,INV000344,1,1310.14,1310.14
ITEM0000864,ORD0000561,INV000397,1,396.36,396.36
ITEM0000865,ORD0000391,INV000010,5,402.09,2010.45
ITEM0000866,ORD0000409,INV000463,1,225.92,225.92
ITEM0000867,ORD0000183,INV000060,3,74.09,222.27
ITEM0000868,ORD0000989,INV000376,2,538.68,1077.36
ITEM0000869,ORD0000092,INV000443,4,205.23,820.92
ITEM0000870,ORD0000873,INV000240,1,881.64,881.64
ITEM0000871,ORD0000167,INV000218,2,1444.53,2889.06
ITEM0000872,ORD0000799,INV000376,4,538.68,2154.72
ITEM0000873,ORD0000292,INV000264,4,836.77,3347.08
ITEM0000874,ORD0000124,INV000226,2,213.97,427.94
ITEM0000875,ORD0000503,INV000325,3,468.8,1406.4
ITEM0000876,ORD0000754,INV000084,4,130.5,522.0
ITEM0000877,ORD0000926,INV000277,3,683.2,2049.6
ITEM0000878,ORD0000135,INV000470,5,1368.63,6843.15
ITEM0000879,ORD0000682,INV000499,3,247.93,743.79
ITEM0000880,ORD0000853,INV000277,1,683.2,683.2
ITEM0000881,ORD0000525,INV000362,3,364.64,1093.92
ITEM0000882,ORD0000502,INV000166,2,1321.87,2643.74
ITEM0000883,ORD0000907,INV000176,4,1401.7,5606.8
ITEM0000884,ORD0000488,INV000079,4,1131.45,4525.8
ITEM0000885,ORD0000577,INV000036,3,1308.89,3926.67
ITEM0000886,ORD0000434,INV000089,5,1499.86,7499.3
ITEM0000887,ORD0000775,INV000134,1,1490.91,1490.91
ITEM0000888,ORD0000831,INV000500,4,26.06,104.24
ITEM0000889,ORD0000629,INV000071,3,941.99,2825.97
ITEM0000890,ORD0000445,INV000422,2,126.43,252.86
ITEM0000891,ORD0000096,INV000365,4,1471.65,5886.6
ITEM0000892,ORD0000526,INV000179,1,520.96,520.96
ITEM0000893,ORD0000997,INV000167,3,1459.85,4379.55
ITEM0000894,ORD0000693,INV000240,4,881.64,3526.56
ITEM0000895,ORD0000664,INV000421,2,1264.58,2529.16
ITEM0000896,ORD0000954,INV000031,2,1171.27,2342.54
ITEM0000897,ORD0000540,INV000400,4,263.12,1052.48
ITEM0000898,ORD0000086,INV000159,5,435.89,2179.45
ITEM0000899,ORD0000480,INV000227,3,1493.91,4481.73
ITEM0000900,ORD0000082,INV000119,4,1055.77,4223.08
ITEM0000901,ORD0000308,INV000085,4,276.68,1106.72
ITEM0000902,ORD0000131,INV000094,2,910.81,1821.62
ITEM0000903,ORD0000862,INV000305,3,1132.9,3398.7
ITEM0000904,ORD0000536,INV000456,2,763.44,1526.88
ITEM0000905,ORD0000303,INV000251,4,1271.71,5086.84
ITEM0000906,ORD0000049,INV000191,5,928.1,4640.5
ITEM0000907,ORD0000079,INV000441,5,77.74,388.7
ITEM0000908,ORD0000526,INV000439,1,139.62,139.62
ITEM0000909,ORD0000523,INV000392,1,909.62,909.62
ITEM0000910,ORD0000423,INV000361,4,440.45,1761.8
ITEM0000911,ORD0000476,INV000133,1,228.05,228.05
ITEM0000912,ORD0000833,INV000389,5,1429.42,7147.1
ITEM0000913,ORD0000364,INV000137,3,449.54,1348.62
ITEM0000914,ORD0000600,INV000271,3,1268.51,3805.53
ITEM0000915,ORD0000788,INV000424,1,929.07,929.07
ITEM0000916,ORD0000017,INV000435,5,376.16,1880.8
ITEM0000917,ORD0000759,INV000469,1,790.59,790.59
ITEM0000918,ORD0000184,INV000345,4,834.04,3336.16
ITEM0000919,ORD0000864,INV000179,2,520.96,1041.92
ITEM0000920,ORD0000047,INV000204,4,1499.06,5996.24
ITEM0000921,ORD0000427,INV000413,1,1152.83,1152.83
ITEM0000922,ORD0000322,INV000383,3,485.21,1455.63
ITEM0000923,ORD0000742,INV000211,5,1355.59,6777.95
ITEM0000924,ORD0000776,INV000341,4,554.92,2219.68
ITEM0000925,ORD0000639,INV000348,4,142.11,568.44
ITEM0000926,ORD0000350,INV000224,3,1373.31,4119.93
ITEM0000927,ORD0000217,INV000027,2,820.66,1641.32
ITEM0000928,ORD0000081,INV000068,2,1246.7,2493.4
ITEM0000929,ORD0000266,INV000075,5,101.02,505.1
ITEM0000930,ORD0000445,INV000071,1,941.99,941.99
ITEM0000931,ORD0000019,INV000385,5,1036.2,5181.0
ITEM0000932,ORD0000405,INV000007,1,870.48,870.48
ITEM0000933,ORD0000014,INV000004,1,90.03,90.03
ITEM0000934,ORD0000672,INV000207,2,415.35,830.7
ITEM0000935,ORD0000472,INV000312,4,968.78,3875.12
ITEM0000936,ORD0000890,INV000346,4,431.17,1724.68
ITEM0000937,ORD0000744,INV000128,5,1309.72,6548.6
ITEM0000938,ORD0000311,INV000003,4,90.46,361.84
ITEM0000939,ORD0000833,INV000048,5,549.51,2747.55
ITEM0000940,ORD0000370,INV000192,5,1121.42,5607.1
ITEM0000941,ORD0000824,INV000366,4,1183.84,4735.36
ITEM0000942,ORD0000090,INV000278,3,1083.79,3251.37
ITEM0000943,ORD0000139,INV000463,2,225.92,451.84
ITEM0000944,ORD0000196,INV000264,1,836.77,836.77
ITEM0000945,ORD0000836,INV000060,1,74.09,74.09
ITEM0000946,ORD0000713,INV000159,1,435.89,435.89
ITEM0000947,ORD0000880,INV000068,2,1246.7,2493.4
ITEM0000948,ORD0000215,INV000141,1,830.23,830.23
ITEM0000949,ORD0000665,INV000440,4,1450.2,5800.8
ITEM0000950,ORD0000666,INV000031,2,1171.27,2342.54
ITEM0000951,ORD0000447,INV000234,2,153.54,307.08
ITEM0000952,ORD0000196,INV000076,5,626.58,3132.9
ITEM0000953,ORD0000309,INV000421,1,1264.58,1264.58
ITEM0000954,ORD0000152,INV000165,4,404.25,1617.0
ITEM0000955,ORD0000433,INV000142,4,678.5,2714.0
ITEM0000956,ORD0000120,INV000446,1,758.86,758.86
ITEM0000957,ORD0000925,INV000126,2,1461.57,2923.14
ITEM0000958,ORD0000757,INV000332,2,343.68,687.36
ITEM0000959,ORD0000987,INV000280,4,1012.58,4050.32
ITEM0000960,ORD0000483,INV000303,4,905.59,3622.36
ITEM0000961,ORD0000881,INV000399,1,188.34,188.34
ITEM0000962,ORD0000600,INV000248,4,680.75,2723.0
ITEM0000963,ORD0000207,INV000318,2,1062.89,2125.78
ITEM0000964,ORD0000584,INV000044,3,896.87,2690.61
ITEM0000965,ORD0000053,INV000190,4,1431.44,5725.76
ITEM0000966,ORD0000009,INV000334,3,994.58,2983.74
ITEM0000967,ORD0000646,INV000087,1,420.99,420.99
ITEM0000968,ORD0000426,INV000038,4,461.26,1845.04
ITEM0000969,ORD0000755,INV000181,4,859.84,3439.36
ITEM0000970,ORD0000611,INV000003,5,90.46,452.3
ITEM0000971,ORD0000298,INV000337,5,1083.17,5415.85
ITEM0000972,ORD0000500,INV000085,1,276.68,276.68
ITEM0000973,ORD0000498,INV000365,4,1471.65,5886.6
ITEM0000974,ORD0000606,INV000063,5,369.76,1848.8
ITEM0000975,ORD0000958,INV000489,5,431.7,2158.5
ITEM0000976,ORD0000238,INV000188,4,706.89,2827.56
ITEM0000977,ORD0000541,INV000183,1,1482.68,1482.68
ITEM0000978,ORD0000433,INV000449,1,1193.37,1193.37
ITEM0000979,ORD0000324,INV000412,5,1317.55,6587.75
ITEM0000980,ORD0000066,INV000171,5,1399.32,6996.6
ITEM0000981,ORD0000915,INV000269,3,528.42,1585.26
ITEM0000982,ORD0000911,INV000059,4,340.84,1363.36
ITEM0000983,ORD0000120,INV000332,4,343.68,1374.72
ITEM0000984,ORD0000638,INV000362,4,364.64,1458.56
ITEM0000985,ORD0000460,INV000357,3,171.22,513.66
ITEM0000986,ORD0000022,INV000166,4,1321.87,5287.48
ITEM0000987,ORD0000295,INV000285,2,595.92,1191.84
ITEM0000988,ORD0000481,INV000250,2,689.77,1379.54
ITEM0000989,ORD0000449,INV000401,3,1216.72,3650.16
ITEM0000990,ORD0000520,INV000388,2,1008.42,2016.84
ITEM0000991,ORD0000602,INV000245,2,28.59,57.18
ITEM0000992,ORD0000944,INV000143,3,53.8,161.4
ITEM0000993,ORD0000874,INV000058,5,144.61,723.05
ITEM0000994,ORD0000135,INV000254,4,416.15,1664.6
ITEM0000995,ORD0000741,INV000499,3,247.93,743.79
ITEM0000996,ORD0000983,INV000326,4,894.59,3578.36
ITEM0000997,ORD0000854,INV000283,4,647.72,2590.88
ITEM0000998,ORD0000816,INV000074,3,230.49,691.47
ITEM0000999,ORD0000819,INV000211,4,1355.59,5422.36
ITEM0001000,ORD0000637,INV000116,2,609.58,1219.16
ITEM0001001,ORD0000290,INV000041,2,964.02,1928.04
ITEM0001002,ORD0000684,INV000303,1,905.59,905.59
ITEM0001003,ORD0000133,INV000400,4,263.12,1052.48
ITEM0001004,ORD0000205,INV000327,2,840.59,1681.18
ITEM0001005,ORD0000621,INV000166,2,1321.87,2643.74
ITEM0001006,ORD0000104,INV000266,4,1302.8,5211.2
ITEM0001007,ORD0000966,INV000256,4,683.3,2733.2
ITEM0001008,ORD0000311,INV000273,4,274.72,1098.88
ITEM0001009,ORD0000215,INV000439,2,139.62,279.24
ITEM0001010,ORD0000049,INV000434,5,438.87,2194.35
ITEM0001011,ORD0000368,INV000494,1,18.85,18.85
ITEM0001012,ORD0000366,INV000455,3,592.47,1777.41
ITEM0001013,ORD0000179,INV000042,2,1409.16,2818.32
ITEM0001014,ORD0000033,INV000033,5,1322.72,6613.6
ITEM0001015,ORD0000346,INV000044,1,896.87,896.87
ITEM0001016,ORD0000117,INV000100,4,801.45,3205.8
ITEM0001017,ORD0000233,INV000134,5,1490.91,7454.55
ITEM0001018,ORD0000576,INV000044,1,896.87,896.87
ITEM0001019,ORD0000499,INV000392,2,909.62,1819.24
ITEM0001020,ORD0000349,INV000292,3,865.76,2597.28
ITEM0001021,ORD0000788,INV000368,3,71.28,213.84
ITEM0001022,ORD0000789,INV000435,1,376.16,376.16
ITEM0001023,ORD0000274,INV000464,5,860.99,4304.95
ITEM0001024,ORD0000874,INV000330,2,32.25,64.5
ITEM0001025,ORD0000619,INV000061,5,685.85,3429.25
ITEM0001026,ORD0000724,INV000362,1,364.64,364.64
ITEM0001027,ORD0000949,INV000356,1,387.61,387.61
ITEM0001028,ORD0000819,INV000234,4,153.54,614.16
ITEM0001029,ORD0000986,INV000272,4,915.45,3661.8
ITEM0001030,ORD0000999,INV000047,1,1064.63,1064.63
ITEM0001031,ORD0000801,INV000417,1,379.65,379.65
ITEM0001032,ORD0000625,INV000188,5,706.89,3534.45
ITEM0001033,ORD0000844,INV000105,1,925.79,925.79
ITEM0001034,ORD0000043,INV000286,5,310.61,1553.05
ITEM0001035,ORD0000108,INV000334,5,994.58,4972.9
ITEM0001036,ORD0000646,INV000132,2,867.65,1735.3
ITEM0001037,ORD0000892,INV000401,1,1216.72,1216.72
ITEM0001038,ORD0000933,INV000132,2,867.65,1735.3
ITEM0001039,ORD0000161,INV000053,3,612.08,1836.24
ITEM0001040,ORD0000726,INV000039,3,40.38,121.14
ITEM0001041,ORD0000781,INV000487,4,981.07,3924.28
ITEM0001042,ORD0000511,INV000481,5,1399.87,6999.35
ITEM0001043,ORD0000158,INV000349,1,1327.52,1327.52
ITEM0001044,ORD0000343,INV000296,3,657.88,1973.64
ITEM0001045,ORD0000126,INV000363,2,787.61,1575.22
ITEM0001046,ORD0000450,INV000196,2,799.09,1598.18
ITEM0001047,ORD0000788,INV000377,4,413.46,1653.84
ITEM0001048,ORD0000252,INV000030,1,319.06,319.06
ITEM0001049,ORD0000350,INV000224,4,1373.31,5493.24
ITEM0001050,ORD0000518,INV000070,3,1128.91,3386.73
ITEM0001051,ORD0000088,INV000098,2,157.34,314.68
ITEM0001052,ORD0000382,INV000084,3,130.5,391.5
ITEM0001053,ORD0000370,INV000354,4,1376.51,5506.04
ITEM0001054,ORD0000156,INV000285,2,595.92,1191.84
ITEM0001055,ORD0000432,INV000377,5,413.46,2067.3
ITEM0001056,ORD0000142,INV000201,2,1018.03,2036.06
ITEM0001057,ORD0000424,INV000109,4,507.91,2031.64
ITEM0001058,ORD0000920,INV000367,4,1158.39,4633.56
ITEM0001059,ORD0000975,INV000049,4,996.76,3987.04
ITEM0001060,ORD0000814,INV000230,5,883.07,4415.35
ITEM0001061,ORD0000967,INV000254,3,416.15,1248.45
ITEM0001062,ORD0000454,INV000011,1,477.68,477.68
ITEM0001063,ORD0000789,INV000102,2,1234.38,2468.76
ITEM0001064,ORD0000735,INV000439,1,139.62,139.62
ITEM0001065,ORD0000967,INV000307,5,1297.05,6485.25
ITEM0001066,ORD0000087,INV000322,1,497.89,497.89
ITEM0001067,ORD0000323,INV000379,3,511.86,1535.58
ITEM0001068,ORD0000791,INV000409,4,1154.9,4619.6
ITEM0001069,ORD0000445,INV000395,2,378.17,756.34
ITEM0001070,ORD0000403,INV000330,1,32.25,32.25
ITEM0001071,ORD0000677,INV000182,1,480.67,480.67
ITEM0001072,ORD0000925,INV000277,2,683.2,1366.4
ITEM0001073,ORD0000060,INV000368,5,71.28,356.4
ITEM0001074,ORD0000997,INV000473,5,341.18,1705.9
ITEM0001075,ORD0000430,INV000201,3,1018.03,3054.09
ITEM0001076,ORD0000908,INV000237,4,995.84,3983.36
ITEM0001077,ORD0000895,INV000359,5,98.9,494.5
ITEM0001078,ORD0000739,INV000134,3,1490.91,4472.73
ITEM0001079,ORD0000932,INV000391,3,546.42,1639.26
ITEM0001080,ORD0000009,INV000484,3,958.73,2876.19
ITEM0001081,ORD0000922,INV000266,3,1302.8,3908.4
ITEM0001082,ORD0000626,INV000398,5,1494.57,7472.85
ITEM0001083,ORD0000718,INV000217,2,1121.11,2242.22
ITEM0001084,ORD0000457,INV000163,4,86.04,344.16
ITEM0001085,ORD0000909,INV000282,2,327.28,654.56
ITEM0001086,ORD0000640,INV000136,5,1164.66,5823.3
ITEM0001087,ORD0000668,INV000014,5,1400.22,7001.1
ITEM0001088,ORD0000715,INV000360,4,949.77,3799.08
ITEM0001089,ORD0000909,INV000339,3,1129.82,3389.46
ITEM0001090,ORD0000795,INV000076,4,626.58,2506.32
ITEM0001091,ORD0000903,INV000325,2,468.8,937.6
ITEM0001092,ORD0000087,INV000083,3,1360.86,4082.58
ITEM0001093,ORD0000551,INV000196,1,799.09,799.09
ITEM0001094,ORD0000400,INV000102,3,1234.38,3703.14
ITEM0001095,ORD0000533,INV000220,2,140.0,280.0
ITEM0001096,ORD0000291,INV000285,5,595.92,2979.6
ITEM0001097,ORD0000096,INV000275,2,109.03,218.06
ITEM0001098,ORD0000566,INV000470,5,1368.63,6843.15
ITEM0001099,ORD0000534,INV000140,3,992.34,2977.02
ITEM0001100,ORD0000776,INV000242,3,419.53,1258.59
ITEM0001101,ORD0000024,INV000240,2,881.64,1763.28
ITEM0001102,ORD0000912,INV000247,1,716.99,716.99
ITEM0001103,ORD0000607,INV000455,5,592.47,2962.35
ITEM0001104,ORD0000248,INV000373,3,476.82,1430.46
ITEM0001105,ORD0000744,INV000188,3,706.89,2120.67
ITEM0001106,ORD0000518,INV000322,4,497.89,1991.56
ITEM0001107,ORD0000750,INV000137,1,449.54,449.54
ITEM0001108,ORD0000862,INV000500,1,26.06,26.06
ITEM0001109,ORD0000266,INV000497,3,1334.44,4003.32
ITEM0001110,ORD0000363,INV000251,5,1271.71,6358.55
ITEM0001111,ORD0000049,INV000216,1,1246.56,1246.56
ITEM0001112,ORD0000460,INV000241,1,1162.68,1162.68
ITEM0001113,ORD0000587,INV000073,3,482.97,1448.91
ITEM0001114,ORD0000465,INV000260,1,1095.77,1095.77
ITEM0001115,ORD0000242,INV000164,3,939.99,2819.97
ITEM0001116,ORD0000580,INV000469,5,790.59,3952.95
ITEM0001117,ORD0000865,INV000214,5,1122.48,5612.4
ITEM0001118,ORD0000240,INV000385,5,1036.2,5181.0
ITEM0001119,ORD0000307,INV000345,3,834.04,2502.12
ITEM0001120,ORD0000683,INV000221,3,807.18,2421.54
ITEM0001121,ORD0000689,INV000428,5,662.21,3311.05
ITEM0001122,ORD0000732,INV000236,2,1423.77,2847.54
ITEM0001123,ORD0000533,INV000188,4,706.89,2827.56
ITEM0001124,ORD0000108,INV000437,2,1145.87,2291.74
ITEM0001125,ORD0000529,INV000366,3,1183.84,3551.52
ITEM0001126,ORD0000198,INV000488,5,977.56,4887.8
ITEM0001127,ORD0000466,INV000297,3,885.36,2656.08
ITEM0001128,ORD0000151,INV000041,1,964.02,964.02
ITEM0001129,ORD0000849,INV000446,4,758.86,3035.44
ITEM0001130,ORD0000084,INV000176,4,1401.7,5606.8
ITEM0001131,ORD0000064,INV000371,1,1075.49,1075.49
ITEM0001132,ORD0000910,INV000430,4,1102.63,4410.52
ITEM0001133,ORD0000488,INV000109,2,507.91,1015.82
ITEM0001134,ORD0000457,INV000315,2,909.48,1818.96
ITEM0001135,ORD0000379,INV000168,1,469.57,469.57
ITEM0001136,ORD0000413,INV000182,5,480.67,2403.35
ITEM0001137,ORD0000573,INV000002,5,870.87,4354.35
ITEM0001138,ORD0000798,INV000161,5,178.3,891.5
ITEM0001139,ORD0000893,INV000123,4,1470.86,5883.44
ITEM0001140,ORD0000599,INV000253,3,486.56,1459.68
ITEM0001141,ORD0000652,INV000068,4,1246.7,4986.8
ITEM0001142,ORD0000451,INV000486,4,12.75,51.0
ITEM0001143,ORD0000750,INV000242,4,419.53,1678.12
ITEM0001144,ORD0000844,INV000414,4,1247.93,4991.72
ITEM0001145,ORD0000148,INV000220,2,140.0,280.0
ITEM0001146,ORD0000131,INV000480,5,324.91,1624.55
ITEM0001147,ORD0000729,INV000130,4,382.46,1529.84
ITEM0001148,ORD0000133,INV000478,4,439.23,1756.92
ITEM0001149,ORD0000884,INV000246,5,1113.87,5569.35
ITEM0001150,ORD0000121,INV000281,5,731.06,3655.3
ITEM0001151,ORD0000467,INV000304,2,1427.18,2854.36
ITEM0001152,ORD0000034,INV000022,4,380.43,1521.72
ITEM0001153,ORD0000967,INV000350,2,84.62,169.24
ITEM0001154,ORD0000379,INV000238,5,80.61,403.05
ITEM0001155,ORD0000617,INV000325,1,468.8,468.8
ITEM0001156,ORD0000113,INV000282,4,327.28,1309.12
ITEM0001157,ORD0000379,INV000111,1,423.09,423.09
ITEM0001158,ORD0000297,INV000478,5,439.23,2196.15
ITEM0001159,ORD0000536,INV000146,1,1363.08,1363.08
ITEM0001160,ORD0000121,INV000265,2,1006.67,2013.34
ITEM0001161,ORD0000313,INV000012,3,690.14,2070.42
ITEM0001162,ORD0000311,INV000404,3,1191.58,3574.74
ITEM0001163,ORD0000498,INV000450,3,1133.67,3401.01
ITEM0001164,ORD0000811,INV000122,1,328.5,328.5
ITEM0001165,ORD0000146,INV000120,2,349.65,699.3
ITEM0001166,ORD0000432,INV000481,5,1399.87,6999.35
ITEM0001167,ORD0000960,INV000279,1,1325.6,1325.6
ITEM0001168,ORD0000911,INV000304,3,1427.18,4281.54
ITEM0001169,ORD0000221,INV000146,3,1363.08,4089.24
ITEM0001170,ORD0000839,INV000289,2,198.13,396.26
ITEM0001171,ORD0000003,INV000080,4,734.9,2939.6
ITEM0001172,ORD0000561,INV000135,1,911.44,911.44
ITEM0001173,ORD0000070,INV000321,3,1184.89,3554.67
ITEM0001174,ORD0000428,INV000045,1,911.28,911.28
ITEM0001175,ORD0000587,INV000058,4,144.61,578.44
ITEM0001176,ORD0000580,INV000326,3,894.59,2683.77
ITEM0001177,ORD0000922,INV000240,4,881.64,3526.56
ITEM0001178,ORD0000801,INV000148,3,661.53,1984.59
ITEM0001179,ORD0000487,INV000191,4,928.1,3712.4
ITEM0001180,ORD0000136,INV000086,5,321.43,1607.15
ITEM0001181,ORD0000517,INV000335,2,897.88,1795.76
ITEM0001182,ORD0000780,INV000352,4,47.14,188.56
ITEM0001183,ORD0000684,INV000315,4,909.48,3637.92
ITEM0001184,ORD0000153,INV000083,4,1360.86,5443.44
ITEM0001185,ORD0000092,INV000085,3,276.68,830.04
ITEM0001186,ORD0000681,INV000052,5,1017.59,5087.95
ITEM0001187,ORD0000420,INV000270,5,1145.1,5725.5
ITEM0001188,ORD0000239,INV000074,4,230.49,921.96
ITEM0001189,ORD0000348,INV000148,4,661.53,2646.12
ITEM0001190,ORD0000047,INV000080,5,734.9,3674.5
ITEM0001191,ORD0000754,INV000332,4,343.68,1374.72
ITEM0001192,ORD0000662,INV000064,3,1168.74,3506.22
ITEM0001193,ORD0000887,INV000418,1,192.13,192.13
ITEM0001194,ORD0000725,INV000218,2,1444.53,2889.06
ITEM0001195,ORD0000586,INV000033,1,1322.72,1322.72
ITEM0001196,ORD0000575,INV000242,3,419.53,1258.59
ITEM0001197,ORD0000660,INV000209,1,912.56,912.56
ITEM0001198,ORD0000088,INV000138,5,855.1,4275.5
ITEM0001199,ORD0000979,INV000266,2,1302.8,2605.6
ITEM0001200,ORD0000555,INV000187,5,617.92,3089.6
ITEM0001201,ORD0000776,INV000289,5,198.13,990.65
ITEM0001202,ORD0000981,INV000366,1,1183.84,1183.84
ITEM0001203,ORD0000535,INV000486,5,12.75,63.75
ITEM0001204,ORD0000769,INV000322,2,497.89,995.78
ITEM0001205,ORD0000515,INV000222,4,878.92,3515.68
ITEM0001206,ORD0000124,INV000322,1,497.89,497.89
ITEM0001207,ORD0000185,INV000006,5,184.23,921.15
ITEM0001208,ORD0000282,INV000256,1,683.3,683.3
ITEM0001209,ORD0000252,INV000389,2,1429.42,2858.84
ITEM0001210,ORD0000455,INV000225,5,1364.53,6822.65
ITEM0001211,ORD0000827,INV000427,1,683.05,683.05
ITEM0001212,ORD0000622,INV000074,5,230.49,1152.45
ITEM0001213,ORD0000412,INV000239,3,1181.53,3544.59
ITEM0001214,ORD0000047,INV000094,5,910.81,4554.05
ITEM0001215,ORD0000883,INV000069,4,1116.76,4467.04
ITEM0001216,ORD0000349,INV000400,1,263.12,263.12
ITEM0001217,ORD0000185,INV000059,4,340.84,1363.36
ITEM0001218,ORD0000025,INV000428,4,662.21,2648.84
ITEM0001219,ORD0000325,INV000252,5,1070.04,5350.2
ITEM0001220,ORD0000264,INV000021,4,309.38,1237.52
ITEM0001221,ORD0000118,INV000211,1,1355.59,1355.59
ITEM0001222,ORD0000555,INV000035,1,243.0,243.0
ITEM0001223,ORD0000293,INV000291,2,33.02,66.04
ITEM0001224,ORD0000188,INV000395,2,378.17,756.34
ITEM0001225,ORD0000787,INV000155,3,1374.53,4123.59
ITEM0001226,ORD0000158,INV000138,1,855.1,855.1
ITEM0001227,ORD0000976,INV000298,3,1306.43,3919.29
ITEM0001228,ORD0000695,INV000220,4,140.0,560.0
ITEM0001229,ORD0000061,INV000259,2,511.7,1023.4
ITEM0001230,ORD0000985,INV000446,5,758.86,3794.3
ITEM0001231,ORD0000186,INV000028,3,647.53,1942.59
ITEM0001232,ORD0000731,INV000485,1,498.79,498.79
ITEM0001233,ORD0000306,INV000309,1,1195.51,1195.51
ITEM0001234,ORD0000102,INV000069,4,1116.76,4467.04
ITEM0001235,ORD0000146,INV000305,3,1132.9,3398.7
ITEM0001236,ORD0000915,INV000052,4,1017.59,4070.36
ITEM0001237,ORD0000265,INV000230,3,883.07,2649.21
ITEM0001238,ORD0000965,INV000315,4,909.48,3637.92
ITEM0001239,ORD0000054,INV000171,1,1399.32,1399.32
ITEM0001240,ORD0000246,INV000055,2,700.16,1400.32
ITEM0001241,ORD0000601,INV000278,5,1083.79,5418.95
ITEM0001242,ORD0000505,INV000473,2,341.18,682.36
ITEM0001243,ORD0000771,INV000398,5,1494.57,7472.85
ITEM0001244,ORD0000395,INV000499,5,247.93,1239.65
ITEM0001245,ORD0000276,INV000266,1,1302.8,1302.8
ITEM0001246,ORD0000326,INV000368,1,71.28,71.28
ITEM0001247,ORD0000567,INV000137,4,449.54,1798.16
ITEM0001248,ORD0000068,INV000188,4,706.89,2827.56
ITEM0001249,ORD0000030,INV000325,4,468.8,1875.2
ITEM0001250,ORD0000649,INV000376,4,538.68,2154.72
ITEM0001251,ORD0000936,INV000223,2,1013.88,2027.76
ITEM0001252,ORD0000276,INV000246,1,1113.87,1113.87
ITEM0001253,ORD0000987,INV000189,5,976.51,4882.55
ITEM0001254,ORD0000692,INV000388,5,1008.42,5042.1
ITEM0001255,ORD0000253,INV000228,1,1331.45,1331.45
ITEM0001256,ORD0000668,INV000385,5,1036.2,5181.0
ITEM0001257,ORD0000312,INV000325,2,468.8,937.6
ITEM0001258,ORD0000417,INV000165,5,404.25,2021.25
ITEM0001259,ORD0000086,INV000179,4,520.96,2083.84
ITEM0001260,ORD0000209,INV000095,5,1447.26,7236.3
ITEM0001261,ORD0000383,INV000449,2,1193.37,2386.74
ITEM0001262,ORD0000173,INV000091,5,1424.67,7123.35
ITEM0001263,ORD0000551,INV000489,2,431.7,863.4
ITEM0001264,ORD0000985,INV000009,4,1402.39,5609.56
ITEM0001265,ORD0000463,INV000329,5,970.81,4854.05
ITEM0001266,ORD0000002,INV000102,1,1234.38,1234.38
ITEM0001267,ORD0000985,INV000465,4,33.31,133.24
ITEM0001268,ORD0000297,INV000148,5,661.53,3307.65
ITEM0001269,ORD0000001,INV000302,2,158.69,317.38
ITEM0001270,ORD0000956,INV000206,1,1489.07,1489.07
ITEM0001271,ORD0000280,INV000007,4,870.48,3481.92
ITEM0001272,ORD0000257,INV000484,5,958.73,4793.65
ITEM0001273,ORD0000360,INV000478,4,439.23,1756.92
ITEM0001274,ORD0000600,INV000026,2,843.56,1687.12
ITEM0001275,ORD0000289,INV000447,5,1238.84,6194.2
ITEM0001276,ORD0000166,INV000382,1,648.76,648.76
ITEM0001277,ORD0000577,INV000034,5,1174.67,5873.35
ITEM0001278,ORD0000308,INV000377,1,413.46,413.46
ITEM0001279,ORD0000405,INV000131,1,1234.06,1234.06
ITEM0001280,ORD0000851,INV000157,1,525.2,525.2
ITEM0001281,ORD0000743,INV000429,2,513.59,1027.18
ITEM0001282,ORD0000287,INV000131,5,1234.06,6170.3
ITEM0001283,ORD0000216,INV000081,4,48.39,193.56
ITEM0001284,ORD0000517,INV000310,5,763.47,3817.35
ITEM0001285,ORD0000906,INV000376,3,538.68,1616.04
ITEM0001286,ORD0000651,INV000438,3,750.65,2251.95
ITEM0001287,ORD0000771,INV000327,3,840.59,2521.77
ITEM0001288,ORD0000280,INV000273,4,274.72,1098.88
ITEM0001289,ORD0000679,INV000440,2,1450.2,2900.4
ITEM0001290,ORD0000350,INV000073,3,482.97,1448.91
ITEM0001291,ORD0000471,INV000295,2,1248.88,2497.76
ITEM0001292,ORD0000337,INV000180,5,685.74,3428.7
ITEM0001293,ORD0000936,INV000370,1,949.45,949.45
ITEM0001294,ORD0000662,INV000119,2,1055.77,2111.54
ITEM0001295,ORD0000624,INV000251,1,1271.71,1271.71
ITEM0001296,ORD0000005,INV000285,4,595.92,2383.68
ITEM0001297,ORD0000689,INV000497,1,1334.44,1334.44
ITEM0001298,ORD0000424,INV000304,2,1427.18,2854.36
ITEM0001299,ORD0000917,INV000308,5,662.45,3312.25
ITEM0001300,ORD0000781,INV000168,4,469.57,1878.28
ITEM0001301,ORD0000552,INV000200,4,1001.93,4007.72
ITEM0001302,ORD0000807,INV000158,1,1287.31,1287.31
ITEM0001303,ORD0000552,INV000082,1,1261.56,1261.56
ITEM0001304,ORD0000914,INV000070,1,1128.91,1128.91
ITEM0001305,ORD0000689,INV000294,4,261.95,1047.8
ITEM0001306,ORD0000362,INV000156,1,954.0,954.0
ITEM0001307,ORD0000848,INV000448,4,197.35,789.4
ITEM0001308,ORD0000367,INV000327,5,840.59,4202.95
ITEM0001309,ORD0000182,INV000052,4,1017.59,4070.36
ITEM0001310,ORD0000128,INV000100,1,801.45,801.45
ITEM0001311,ORD0000380,INV000203,4,1037.02,4148.08
ITEM0001312,ORD0000456,INV000053,2,612.08,1224.16
ITEM0001313,ORD0000227,INV000487,1,981.07,981.07
ITEM0001314,ORD0000777,INV000411,1,701.42,701.42
ITEM0001315,ORD0000697,INV000274,3,529.78,1589.34
ITEM0001316,ORD0000197,INV000483,3,367.47,1102.41
ITEM0001317,ORD0000836,INV000357,1,171.22,171.22
ITEM0001318,ORD0000641,INV000015,5,557.44,2787.2
ITEM0001319,ORD0000828,INV000068,3,1246.7,3740.1
ITEM0001320,ORD0000240,INV000052,2,1017.59,2035.18
ITEM0001321,ORD0000991,INV000346,4,431.17,1724.68
ITEM0001322,ORD0000038,INV000206,3,1489.07,4467.21
ITEM0001323,ORD0000505,INV000147,3,94.16,282.48
ITEM0001324,ORD0000215,INV000022,5,380.43,1902.15
ITEM0001325,ORD0000201,INV000315,1,909.48,909.48
ITEM0001326,ORD0000114,INV000327,4,840.59,3362.36
ITEM0001327,ORD0000583,INV000179,3,520.96,1562.88
ITEM0001328,ORD0000506,INV000260,5,1095.77,5478.85
ITEM0001329,ORD0000566,INV000212,2,1183.97,2367.94
ITEM0001330,ORD0000676,INV000335,2,897.88,1795.76
ITEM0001331,ORD0000689,INV000495,5,1393.04,6965.2
ITEM0001332,ORD0000579,INV000116,5,609.58,3047.9
ITEM0001333,ORD0000067,INV000309,2,1195.51,2391.02
ITEM0001334,ORD0000132,INV000426,5,1208.01,6040.05
ITEM0001335,ORD0000131,INV000206,1,1489.07,1489.07
ITEM0001336,ORD0000956,INV000137,3,449.54,1348.62
ITEM0001337,ORD0000877,INV000413,5,1152.83,5764.15
ITEM0001338,ORD0000903,INV000331,2,515.89,1031.78
ITEM0001339,ORD0000747,INV000358,5,187.16,935.8
ITEM0001340,ORD0000197,INV000385,3,1036.2,3108.6
ITEM0001341,ORD0000994,INV000017,1,1003.46,1003.46
ITEM0001342,ORD0000630,INV000315,5,909.48,4547.4
ITEM0001343,ORD0000698,INV000228,3,1331.45,3994.35
ITEM0001344,ORD0000905,INV000249,5,1092.23,5461.15
ITEM0001345,ORD0000003,INV000433,4,677.15,2708.6
ITEM0001346,ORD0000657,INV000334,4,994.58,3978.32
ITEM0001347,ORD0000875,INV000139,1,1421.65,1421.65
ITEM0001348,ORD0000443,INV000433,3,677.15,2031.45
ITEM0001349,ORD0000281,INV000205,4,359.62,1438.48
ITEM0001350,ORD0000697,INV000301,1,1092.43,1092.43
ITEM0001351,ORD0000478,INV000084,5,130.5,652.5
ITEM0001352,ORD0000371,INV000313,4,696.75,2787.0
ITEM0001353,ORD0000778,INV000483,5,367.47,1837.35
ITEM0001354,ORD0000906,INV000295,1,1248.88,1248.88
ITEM0001355,ORD0000049,INV000194,2,73.76,147.52
ITEM0001356,ORD0000941,INV000426,3,1208.01,3624.03
ITEM0001357,ORD0000546,INV000375,4,59.75,239.0
ITEM0001358,ORD0000324,INV000224,4,1373.31,5493.24
ITEM0001359,ORD0000402,INV000128,1,1309.72,1309.72
ITEM0001360,ORD0000343,INV000083,2,1360.86,2721.72
ITEM0001361,ORD0000902,INV000140,1,992.34,992.34
ITEM0001362,ORD0000828,INV000033,5,1322.72,6613.6
ITEM0001363,ORD0000756,INV000205,1,359.62,359.62
ITEM0001364,ORD0000707,INV000231,2,984.11,1968.22
ITEM0001365,ORD0000981,INV000302,4,158.69,634.76
ITEM0001366,ORD0000940,INV000440,1,1450.2,1450.2
ITEM0001367,ORD0000202,INV000235,2,95.52,191.04
ITEM0001368,ORD0000338,INV000344,2,1310.14,2620.28
ITEM0001369,ORD0000065,INV000297,3,885.36,2656.08
ITEM0001370,ORD0000029,INV000020,1,412.16,412.16
ITEM0001371,ORD0000443,INV000046,4,1349.76,5399.04
ITEM0001372,ORD0000607,INV000428,1,662.21,662.21
ITEM0001373,ORD0000861,INV000046,3,1349.76,4049.28
ITEM0001374,ORD0000254,INV000246,3,1113.87,3341.61
ITEM0001375,ORD0000485,INV000093,1,700.23,700.23
ITEM0001376,ORD0000982,INV000268,2,236.32,472.64
ITEM0001377,ORD0000853,INV000322,3,497.89,1493.67
ITEM0001378,ORD0000842,INV000409,1,1154.9,1154.9
ITEM0001379,ORD0000533,INV000221,3,807.18,2421.54
ITEM0001380,ORD0000967,INV000085,2,276.68,553.36
ITEM0001381,ORD0000795,INV000489,1,431.7,431.7
ITEM0001382,ORD0000635,INV000120,5,349.65,1748.25
ITEM0001383,ORD0000783,INV000484,4,958.73,3834.92
ITEM0001384,ORD0000641,INV000143,1,53.8,53.8
ITEM0001385,ORD0000593,INV000002,4,870.87,3483.48
ITEM0001386,ORD0000088,INV000464,1,860.99,860.99
ITEM0001387,ORD0000939,INV000327,1,840.59,840.59
ITEM0001388,ORD0000387,INV000121,1,183.73,183.73
ITEM0001389,ORD0000912,INV000424,3,929.07,2787.21
ITEM0001390,ORD0000802,INV000170,1,1420.86,1420.86
ITEM0001391,ORD0000064,INV000247,2,716.99,1433.98
ITEM0001392,ORD0000057,INV000305,4,1132.9,4531.6
ITEM0001393,ORD0000626,INV000161,3,178.3,534.9
ITEM0001394,ORD0000068,INV000463,4,225.92,903.68
ITEM0001395,ORD0000694,INV000114,1,1037.46,1037.46
ITEM0001396,ORD0000573,INV000296,1,657.88,657.88
ITEM0001397,ORD0000302,INV000457,1,1064.57,1064.57
ITEM0001398,ORD0000412,INV000128,4,1309.72,5238.88
ITEM0001399,ORD0000633,INV000088,1,1253.19,1253.19
ITEM0001400,ORD0000239,INV000416,4,1421.49,5685.96
ITEM0001401,ORD0000807,INV000357,5,171.22,856.1
ITEM0001402,ORD0000011,INV000303,5,905.59,4527.95
ITEM0001403,ORD0000394,INV000256,4,683.3,2733.2
ITEM0001404,ORD0000815,INV000438,4,750.65,3002.6
ITEM0001405,ORD0000902,INV000369,4,1246.42,4985.68
ITEM0001406,ORD0000635,INV000390,5,57.02,285.1
ITEM0001407,ORD0000348,INV000412,1,1317.55,1317.55
ITEM0001408,ORD0000465,INV000240,1,881.64,881.64
ITEM0001409,ORD0000337,INV000065,5,80.08,400.4
ITEM0001410,ORD0000198,INV000288,5,16.56,82.8
ITEM0001411,ORD0000106,INV000171,1,1399.32,1399.32
ITEM0001412,ORD0000610,INV000282,1,327.28,327.28
ITEM0001413,ORD0000608,INV000008,1,631.74,631.74
ITEM0001414,ORD0000927,INV000434,2,438.87,877.74
ITEM0001415,ORD0000130,INV000104,5,656.05,3280.25
ITEM0001416,ORD0000263,INV000168,5,469.57,2347.85
ITEM0001417,ORD0000432,INV000393,3,561.16,1683.48
ITEM0001418,ORD0000743,INV000027,4,820.66,3282.64
ITEM0001419,ORD0000456,INV000151,5,1103.13,5515.65
ITEM0001420,ORD0000249,INV000108,2,1323.04,2646.08
ITEM0001421,ORD0000817,INV000402,2,1065.76,2131.52
ITEM0001422,ORD0000062,INV000044,1,896.87,896.87
ITEM0001423,ORD0000320,INV000299,2,502.94,1005.88
ITEM0001424,ORD0000447,INV000438,5,750.65,3753.25
ITEM0001425,ORD0000983,INV000277,5,683.2,3416.0
ITEM0001426,ORD0000319,INV000475,3,526.46,1579.38
ITEM0001427,ORD0000907,INV000069,5,1116.76,5583.8
ITEM0001428,ORD0000795,INV000016,5,919.46,4597.3
ITEM0001429,ORD0000151,INV000001,2,236.42,472.84
ITEM0001430,ORD0000317,INV000314,4,1364.03,5456.12
ITEM0001431,ORD0000352,INV000238,5,80.61,403.05
ITEM0001432,ORD0000378,INV000196,3,799.09,2397.27
ITEM0001433,ORD0000531,INV000163,1,86.04,86.04
ITEM0001434,ORD0000674,INV000407,5,703.77,3518.85
ITEM0001435,ORD0000059,INV000413,2,1152.83,2305.66
ITEM0001436,ORD0000520,INV000304,2,1427.18,2854.36
ITEM0001437,ORD0000880,INV000036,5,1308.89,6544.45
ITEM0001438,ORD0000433,INV000097,1,1412.5,1412.5
ITEM0001439,ORD0000201,INV000319,3,549.03,1647.09
ITEM0001440,ORD0000656,INV000189,2,976.51,1953.02
ITEM0001441,ORD0000805,INV000407,2,703.77,1407.54
ITEM0001442,ORD0000350,INV000330,1,32.25,32.25
ITEM0001443,ORD0000684,INV000295,2,1248.88,2497.76
ITEM0001444,ORD0000712,INV000432,4,482.08,1928.32
ITEM0001445,ORD0000615,INV000016,4,919.46,3677.84
ITEM0001446,ORD0000873,INV000363,3,787.61,2362.83
ITEM0001447,ORD0000580,INV000326,5,894.59,4472.95
ITEM0001448,ORD0000631,INV000313,3,696.75,2090.25
ITEM0001449,ORD0000429,INV000210,3,933.23,2799.69
ITEM0001450,ORD0000167,INV000446,3,758.86,2276.58
ITEM0001451,ORD0000466,INV000246,1,1113.87,1113.87
ITEM0001452,ORD0000508,INV000068,1,1246.7,1246.7
ITEM0001453,ORD0000943,INV000160,2,684.96,1369.92
ITEM0001454,ORD0000655,INV000105,1,925.79,925.79
ITEM0001455,ORD0000710,INV000222,2,878.92,1757.84
ITEM0001456,ORD0000478,INV000431,2,200.5,401.0
ITEM0001457,ORD0000219,INV000105,5,925.79,4628.95
ITEM0001458,ORD0000493,INV000481,2,1399.87,2799.74
ITEM0001459,ORD0000827,INV000103,3,955.2,2865.6
ITEM0001460,ORD0000211,INV000356,4,387.61,1550.44
ITEM0001461,ORD0000189,INV000400,4,263.12,1052.48
ITEM0001462,ORD0000372,INV000356,1,387.61,387.61
ITEM0001463,ORD0000076,INV000109,1,507.91,507.91
ITEM0001464,ORD0000031,INV000393,3,561.16,1683.48
ITEM0001465,ORD0000118,INV000449,5,1193.37,5966.85
ITEM0001466,ORD0000298,INV000032,2,1389.02,2778.04
ITEM0001467,ORD0000200,INV000083,4,1360.86,5443.44
ITEM0001468,ORD0000935,INV000249,5,1092.23,5461.15
ITEM0001469,ORD0000045,INV000044,3,896.87,2690.61
ITEM0001470,ORD0000204,INV000156,1,954.0,954.0
ITEM0001471,ORD0000291,INV000385,2,1036.2,2072.4
ITEM0001472,ORD0000225,INV000143,2,53.8,107.6
ITEM0001473,ORD0000737,INV000336,3,1247.86,3743.58
ITEM0001474,ORD0000348,INV000274,2,529.78,1059.56
ITEM0001475,ORD0000252,INV000286,5,310.61,1553.05
ITEM0001476,ORD0000201,INV000033,2,1322.72,2645.44
ITEM0001477,ORD0000181,INV000023,1,953.26,953.26
ITEM0001478,ORD0000933,INV000360,3,949.77,2849.31
ITEM0001479,ORD0000022,INV000278,1,1083.79,1083.79
ITEM0001480,ORD0000389,INV000400,2,263.12,526.24
ITEM0001481,ORD0000347,INV000008,1,631.74,631.74
ITEM0001482,ORD0000313,INV000295,2,1248.88,2497.76
ITEM0001483,ORD0000246,INV000309,4,1195.51,4782.04
ITEM0001484,ORD0000829,INV000061,3,685.85,2057.55
ITEM0001485,ORD0000677,INV000406,3,1186.61,3559.83
ITEM0001486,ORD0000964,INV000133,2,228.05,456.1
ITEM0001487,ORD0000819,INV000430,5,1102.63,5513.15
ITEM0001488,ORD0000903,INV000201,5,1018.03,5090.15
ITEM0001489,ORD0000900,INV000183,4,1482.68,5930.72
ITEM0001490,ORD0000122,INV000301,1,1092.43,1092.43
ITEM0001491,ORD0000904,INV000136,2,1164.66,2329.32
ITEM0001492,ORD0000814,INV000005,2,107.44,214.88
ITEM0001493,ORD0000197,INV000198,2,749.01,1498.02
ITEM0001494,ORD0000388,INV000488,5,977.56,4887.8
ITEM0001495,ORD0000326,INV000404,3,1191.58,3574.74
ITEM0001496,ORD0000440,INV000282,5,327.28,1636.4
ITEM0001497,ORD0000944,INV000206,2,1489.07,2978.14
ITEM0001498,ORD0000782,INV000025,1,246.57,246.57
ITEM0001499,ORD0000602,INV000188,5,706.89,3534.45
ITEM0001500,ORD0000875,INV000408,2,103.29,206.58
ITEM0001501,ORD0000302,INV000306,5,1023.29,5116.45
ITEM0001502,ORD0000336,INV000327,2,840.59,1681.18
ITEM0001503,ORD0000055,INV000074,2,230.49,460.98
ITEM0001504,ORD0000894,INV000359,3,98.9,296.7
ITEM0001505,ORD0000872,INV000483,2,367.47,734.94
ITEM0001506,ORD0000992,INV000469,5,790.59,3952.95
ITEM0001507,ORD0000908,INV000417,5,379.65,1898.25
ITEM0001508,ORD0000215,INV000027,4,820.66,3282.64
ITEM0001509,ORD0000804,INV000014,1,1400.22,1400.22
ITEM0001510,ORD0000810,INV000347,4,676.73,2706.92
ITEM0001511,ORD0000067,INV000409,5,1154.9,5774.5
ITEM0001512,ORD0000521,INV000002,2,870.87,1741.74
ITEM0001513,ORD0000770,INV000081,4,48.39,193.56
ITEM0001514,ORD0000384,INV000198,5,749.01,3745.05
ITEM0001515,ORD0000532,INV000404,4,1191.58,4766.32
ITEM0001516,ORD0000184,INV000272,4,915.45,3661.8
ITEM0001517,ORD0000730,INV000089,3,1499.86,4499.58
ITEM0001518,ORD0000539,INV000231,3,984.11,2952.33
ITEM0001519,ORD0000733,INV000114,4,1037.46,4149.84
ITEM0001520,ORD0000486,INV000090,4,1172.94,4691.76
ITEM0001521,ORD0000596,INV000133,3,228.05,684.15
ITEM0001522,ORD0000654,INV000183,4,1482.68,5930.72
ITEM0001523,ORD0000666,INV000280,5,1012.58,5062.9
ITEM0001524,ORD0000213,INV000355,1,675.66,675.66
ITEM0001525,ORD0000917,INV000497,2,1334.44,2668.88
ITEM0001526,ORD0000463,INV000012,2,690.14,1380.28
ITEM0001527,ORD0000406,INV000496,2,1483.7,2967.4
ITEM0001528,ORD0000314,INV000189,2,976.51,1953.02
ITEM0001529,ORD0000911,INV000034,4,1174.67,4698.68
ITEM0001530,ORD0000586,INV000143,4,53.8,215.2
ITEM0001531,ORD0000958,INV000099,2,1195.36,2390.72
ITEM0001532,ORD0000261,INV000151,3,1103.13,3309.39
ITEM0001533,ORD0000087,INV000116,5,609.58,3047.9
ITEM0001534,ORD0000770,INV000312,2,968.78,1937.56
ITEM0001535,ORD0000303,INV000240,1,881.64,881.64
ITEM0001536,ORD0000532,INV000447,4,1238.84,4955.36
ITEM0001537,ORD0000236,INV000443,3,205.23,615.69
ITEM0001538,ORD0000043,INV000473,5,341.18,1705.9
ITEM0001539,ORD0000525,INV000117,4,712.52,2850.08
ITEM0001540,ORD0000345,INV000267,5,902.61,4513.05
ITEM0001541,ORD0000462,INV000488,4,977.56,3910.24
ITEM0001542,ORD0000443,INV000438,4,750.65,3002.6
ITEM0001543,ORD0000377,INV000153,4,1499.36,5997.44
ITEM0001544,ORD0000325,INV000406,4,1186.61,4746.44
ITEM0001545,ORD0000392,INV000197,3,266.73,800.19
ITEM0001546,ORD0000184,INV000276,1,1120.44,1120.44
ITEM0001547,ORD0000240,INV000009,4,1402.39,5609.56
ITEM0001548,ORD0000661,INV000471,3,1015.42,3046.26
ITEM0001549,ORD0000368,INV000474,1,1036.91,1036.91
ITEM0001550,ORD0000302,INV000021,1,309.38,309.38
ITEM0001551,ORD0000526,INV000305,5,1132.9,5664.5
ITEM0001552,ORD0000660,INV000467,5,1309.86,6549.3
ITEM0001553,ORD0000805,INV000220,1,140.0,140.0
ITEM0001554,ORD0000949,INV000260,3,1095.77,3287.31
ITEM0001555,ORD0000101,INV000172,2,626.16,1252.32
ITEM0001556,ORD0000074,INV000264,1,836.77,836.77
ITEM0001557,ORD0000040,INV000078,3,718.08,2154.24
ITEM0001558,ORD0000206,INV000018,5,1408.7,7043.5
ITEM0001559,ORD0000202,INV000348,3,142.11,426.33
ITEM0001560,ORD0000257,INV000424,3,929.07,2787.21
ITEM0001561,ORD0000764,INV000491,3,629.74,1889.22
ITEM0001562,ORD0000196,INV000129,3,720.68,2162.04
ITEM0001563,ORD0000142,INV000274,5,529.78,2648.9
ITEM0001564,ORD0000935,INV000401,5,1216.72,6083.6
ITEM0001565,ORD0000009,INV000342,3,695.21,2085.63
ITEM0001566,ORD0000289,INV000216,3,1246.56,3739.68
ITEM0001567,ORD0000802,INV000119,3,1055.77,3167.31
ITEM0001568,ORD0000969,INV000060,4,74.09,296.36
ITEM0001569,ORD0000842,INV000023,4,953.26,3813.04
ITEM0001570,ORD0000776,INV000353,5,1188.11,5940.55
ITEM0001571,ORD0000484,INV000326,1,894.59,894.59
ITEM0001572,ORD0000780,INV000153,5,1499.36,7496.8
ITEM0001573,ORD0000887,INV000417,2,379.65,759.3
ITEM0001574,ORD0000234,INV000210,4,933.23,3732.92
ITEM0001575,ORD0000741,INV000477,2,1344.16,2688.32
ITEM0001576,ORD0000486,INV000475,2,526.46,1052.92
ITEM0001577,ORD0000529,INV000126,2,1461.57,2923.14
ITEM0001578,ORD0000805,INV000094,5,910.81,4554.05
ITEM0001579,ORD0000776,INV000019,5,1335.12,6675.6
ITEM0001580,ORD0000740,INV000343,4,1449.57,5798.28
ITEM0001581,ORD0000349,INV000483,4,367.47,1469.88
ITEM0001582,ORD0000321,INV000401,1,1216.72,1216.72
ITEM0001583,ORD0000440,INV000078,2,718.08,1436.16
ITEM0001584,ORD0000215,INV000237,4,995.84,3983.36
ITEM0001585,ORD0000461,INV000133,4,228.05,912.2
ITEM0001586,ORD0000031,INV000011,5,477.68,2388.4
ITEM0001587,ORD0000143,INV000255,3,574.45,1723.35
ITEM0001588,ORD0000895,INV000387,5,415.46,2077.3
ITEM0001589,ORD0000313,INV000441,2,77.74,155.48
ITEM0001590,ORD0000512,INV000305,1,1132.9,1132.9
ITEM0001591,ORD0000348,INV000013,3,808.76,2426.28
ITEM0001592,ORD0000430,INV000433,2,677.15,1354.3
ITEM0001593,ORD0000703,INV000254,4,416.15,1664.6
ITEM0001594,ORD0000782,INV000360,4,949.77,3799.08
ITEM0001595,ORD0000307,INV000387,5,415.46,2077.3
ITEM0001596,ORD0000602,INV000109,3,507.91,1523.73
ITEM0001597,ORD0000582,INV000328,1,1006.82,1006.82
ITEM0001598,ORD0000945,INV000054,1,433.94,433.94
ITEM0001599,ORD0000158,INV000185,2,1305.2,2610.4
ITEM0001600,ORD0000582,INV000049,3,996.76,2990.28
ITEM0001601,ORD0000936,INV000416,5,1421.49,7107.45
ITEM0001602,ORD0000588,INV000297,5,885.36,4426.8
ITEM0001603,ORD0000391,INV000174,4,1383.19,5532.76
ITEM0001604,ORD0000972,INV000143,2,53.8,107.6
ITEM0001605,ORD0000066,INV000069,4,1116.76,4467.04
ITEM0001606,ORD0000396,INV000256,5,683.3,3416.5
ITEM0001607,ORD0000487,INV000477,2,1344.16,2688.32
ITEM0001608,ORD0000337,INV000298,1,1306.43,1306.43
ITEM0001609,ORD0000986,INV000086,5,321.43,1607.15
ITEM0001610,ORD0000655,INV000474,4,1036.91,4147.64
ITEM0001611,ORD0000096,INV000189,3,976.51,2929.53
ITEM0001612,ORD0000107,INV000431,2,200.5,401.0
ITEM0001613,ORD0000182,INV000117,5,712.52,3562.6
ITEM0001614,ORD0000847,INV000031,1,1171.27,1171.27
ITEM0001615,ORD0000501,INV000457,5,1064.57,5322.85
ITEM0001616,ORD0000192,INV000428,1,662.21,662.21
ITEM0001617,ORD0000072,INV000415,2,251.16,502.32
ITEM0001618,ORD0000291,INV000346,4,431.17,1724.68
ITEM0001619,ORD0000239,INV000030,2,319.06,638.12
ITEM0001620,ORD0000676,INV000217,3,1121.11,3363.33
ITEM0001621,ORD0000072,INV000358,5,187.16,935.8
ITEM0001622,ORD0000059,INV000079,4,1131.45,4525.8
ITEM0001623,ORD0000531,INV000250,3,689.77,2069.31
ITEM0001624,ORD0000176,INV000056,1,1191.63,1191.63
ITEM0001625,ORD0000881,INV000488,3,977.56,2932.68
ITEM0001626,ORD0000401,INV000484,4,958.73,3834.92
ITEM0001627,ORD0000114,INV000153,2,1499.36,2998.72
ITEM0001628,ORD0000550,INV000169,2,144.35,288.7
ITEM0001629,ORD0000490,INV000069,4,1116.76,4467.04
ITEM0001630,ORD0000399,INV000464,1,860.99,860.99
ITEM0001631,ORD0000134,INV000452,2,1071.82,2143.64
ITEM0001632,ORD0000318,INV000447,2,1238.84,2477.68
ITEM0001633,ORD0000838,INV000089,4,1499.86,5999.44
ITEM0001634,ORD0000163,INV000343,4,1449.57,5798.28
ITEM0001635,ORD0000589,INV000055,5,700.16,3500.8
ITEM0001636,ORD0000602,INV000225,3,1364.53,4093.59
ITEM0001637,ORD0000515,INV000114,2,1037.46,2074.92
ITEM0001638,ORD0000283,INV000372,4,443.7,1774.8
ITEM0001639,ORD0000008,INV000066,2,204.34,408.68
ITEM0001640,ORD0000457,INV000370,2,949.45,1898.9
ITEM0001641,ORD0000845,INV000210,1,933.23,933.23
ITEM0001642,ORD0000620,INV000405,4,1477.77,5911.08
ITEM0001643,ORD0000539,INV000242,2,419.53,839.06
ITEM0001644,ORD0000933,INV000309,3,1195.51,3586.53
ITEM0001645,ORD0000901,INV000203,5,1037.02,5185.1
ITEM0001646,ORD0000472,INV000351,4,582.32,2329.28
ITEM0001647,ORD0000590,INV000080,4,734.9,2939.6
ITEM0001648,ORD0000755,INV000010,1,402.09,402.09
ITEM0001649,ORD0000295,INV000487,1,981.07,981.07
ITEM0001650,ORD0000356,INV000496,4,1483.7,5934.8
ITEM0001651,ORD0000401,INV000131,3,1234.06,3702.18
ITEM0001652,ORD0000844,INV000098,5,157.34,786.7
ITEM0001653,ORD0000426,INV000126,2,1461.57,2923.14
ITEM0001654,ORD0000184,INV000491,2,629.74,1259.48
ITEM0001655,ORD0000751,INV000173,5,687.9,3439.5
ITEM0001656,ORD0000469,INV000111,4,423.09,1692.36
ITEM0001657,ORD0000933,INV000380,4,554.18,2216.72
ITEM0001658,ORD0000716,INV000362,2,364.64,729.28
ITEM0001659,ORD0000098,INV000322,5,497.89,2489.45
ITEM0001660,ORD0000716,INV000098,4,157.34,629.36
ITEM0001661,ORD0000246,INV000349,1,1327.52,1327.52
ITEM0001662,ORD0000281,INV000051,2,833.85,1667.7
ITEM0001663,ORD0000299,INV000499,5,247.93,1239.65
ITEM0001664,ORD0000715,INV000459,1,877.63,877.63
ITEM0001665,ORD0000931,INV000487,2,981.07,1962.14
ITEM0001666,ORD0000422,INV000095,4,1447.26,5789.04
ITEM0001667,ORD0000125,INV000436,5,1400.96,7004.8
ITEM0001668,ORD0000079,INV000437,3,1145.87,3437.61
ITEM0001669,ORD0000517,INV000132,1,867.65,867.65
ITEM0001670,ORD0000420,INV000273,3,274.72,824.16
ITEM0001671,ORD0000169,INV000469,4,790.59,3162.36
ITEM0001672,ORD0000213,INV000299,3,502.94,1508.82
ITEM0001673,ORD0000046,INV000119,5,1055.77,5278.85
ITEM0001674,ORD0000028,INV000449,4,1193.37,4773.48
ITEM0001675,ORD0000655,INV000429,1,513.59,513.59
ITEM0001676,ORD0000391,INV000435,4,376.16,1504.64
ITEM0001677,ORD0000764,INV000476,3,187.2,561.6
ITEM0001678,ORD0000877,INV000124,4,345.09,1380.36
ITEM0001679,ORD0000407,INV000444,2,552.08,1104.16
ITEM0001680,ORD0000011,INV000259,1,511.7,511.7
ITEM0001681,ORD0000118,INV000381,3,1202.72,3608.16
ITEM0001682,ORD0000335,INV000464,2,860.99,1721.98
ITEM0001683,ORD0000497,INV000421,4,1264.58,5058.32
ITEM0001684,ORD0000070,INV000102,4,1234.38,4937.52
ITEM0001685,ORD0000562,INV000440,1,1450.2,1450.2
ITEM0001686,ORD0000731,INV000134,2,1490.91,2981.82
ITEM0001687,ORD0000144,INV000115,4,1190.43,4761.72
ITEM0001688,ORD0000841,INV000068,4,1246.7,4986.8
ITEM0001689,ORD0000862,INV000178,3,1298.56,3895.68
ITEM0001690,ORD0000175,INV000224,2,1373.31,2746.62
ITEM0001691,ORD0000622,INV000444,1,552.08,552.08
ITEM0001692,ORD0000182,INV000026,1,843.56,843.56
ITEM0001693,ORD0000128,INV000455,3,592.47,1777.41
ITEM0001694,ORD0000760,INV000187,5,617.92,3089.6
ITEM0001695,ORD0000173,INV000438,4,750.65,3002.6
ITEM0001696,ORD0000688,INV000192,1,1121.42,1121.42
ITEM0001697,ORD0000694,INV000004,1,90.03,90.03
ITEM0001698,ORD0000158,INV000296,3,657.88,1973.64
ITEM0001699,ORD0000367,INV000296,4,657.88,2631.52
ITEM0001700,ORD0000222,INV000121,2,183.73,367.46
ITEM0001701,ORD0000915,INV000164,1,939.99,939.99
ITEM0001702,ORD0000222,INV000084,5,130.5,652.5
ITEM0001703,ORD0000714,INV000447,4,1238.84,4955.36
ITEM0001704,ORD0000857,INV000393,1,561.16,561.16
ITEM0001705,ORD0000657,INV000096,5,1393.69,6968.45
ITEM0001706,ORD0000400,INV000467,1,1309.86,1309.86
ITEM0001707,ORD0000455,INV000232,3,1408.88,4226.64
ITEM0001708,ORD0000613,INV000073,1,482.97,482.97
ITEM0001709,ORD0000050,INV000180,1,685.74,685.74
ITEM0001710,ORD0000786,INV000430,4,1102.63,4410.52
ITEM0001711,ORD0000952,INV000120,2,349.65,699.3
ITEM0001712,ORD0000384,INV000050,2,1002.0,2004.0
ITEM0001713,ORD0000205,INV000493,2,1405.23,2810.46
ITEM0001714,ORD0000017,INV000463,1,225.92,225.92
ITEM0001715,ORD0000029,INV000122,4,328.5,1314.0
ITEM0001716,ORD0000346,INV000128,1,1309.72,1309.72
ITEM0001717,ORD0000697,INV000489,2,431.7,863.4
ITEM0001718,ORD0000226,INV000452,1,1071.82,1071.82
ITEM0001719,ORD0000817,INV000271,1,1268.51,1268.51
ITEM0001720,ORD0000742,INV000395,2,378.17,756.34
ITEM0001721,ORD0000046,INV000096,2,1393.69,2787.38
ITEM0001722,ORD0000525,INV000358,4,187.16,748.64
ITEM0001723,ORD0000836,INV000337,1,1083.17,1083.17
ITEM0001724,ORD0000331,INV000314,3,1364.03,4092.09
ITEM0001725,ORD0000642,INV000165,5,404.25,2021.25
ITEM0001726,ORD0000640,INV000121,2,183.73,367.46
ITEM0001727,ORD0000957,INV000226,2,213.97,427.94
ITEM0001728,ORD0000405,INV000247,5,716.99,3584.95
ITEM0001729,ORD0000124,INV000202,4,1418.13,5672.52
ITEM0001730,ORD0000219,INV000451,2,752.62,1505.24
ITEM0001731,ORD0000366,INV000216,1,1246.56,1246.56
ITEM0001732,ORD0000178,INV000418,3,192.13,576.39
ITEM0001733,ORD0000412,INV000094,1,910.81,910.81
ITEM0001734,ORD0000013,INV000451,3,752.62,2257.86
ITEM0001735,ORD0000218,INV000229,4,559.66,2238.64
ITEM0001736,ORD0000226,INV000428,4,662.21,2648.84
ITEM0001737,ORD0000674,INV000416,1,1421.49,1421.49
ITEM0001738,ORD0000666,INV000102,3,1234.38,3703.14
ITEM0001739,ORD0000378,INV000240,5,881.64,4408.2
ITEM0001740,ORD0000069,INV000239,1,1181.53,1181.53
ITEM0001741,ORD0000421,INV000014,2,1400.22,2800.44
ITEM0001742,ORD0000786,INV000386,3,1091.59,3274.77
ITEM0001743,ORD0000512,INV000369,5,1246.42,6232.1
ITEM0001744,ORD0000730,INV000073,1,482.97,482.97
ITEM0001745,ORD0000811,INV000036,5,1308.89,6544.45
ITEM0001746,ORD0000176,INV000146,5,1363.08,6815.4
ITEM0001747,ORD0000983,INV000209,3,912.56,2737.68
ITEM0001748,ORD0000615,INV000098,1,157.34,157.34
ITEM0001749,ORD0000647,INV000259,3,511.7,1535.1
ITEM0001750,ORD0000695,INV000308,4,662.45,2649.8
ITEM0001751,ORD0000341,INV000325,2,468.8,937.6
ITEM0001752,ORD0000651,INV000137,2,449.54,899.08
ITEM0001753,ORD0000872,INV000376,3,538.68,1616.04
ITEM0001754,ORD0000070,INV000434,4,438.87,1755.48
ITEM0001755,ORD0000019,INV000285,3,595.92,1787.76
ITEM0001756,ORD0000934,INV000312,5,968.78,4843.9
ITEM0001757,ORD0000460,INV000164,5,939.99,4699.95
ITEM0001758,ORD0000524,INV000433,4,677.15,2708.6
ITEM0001759,ORD0000516,INV000469,2,790.59,1581.18
ITEM0001760,ORD0000722,INV000468,5,780.43,3902.15
ITEM0001761,ORD0000239,INV000246,1,1113.87,1113.87
ITEM0001762,ORD0000632,INV000321,1,1184.89,1184.89
ITEM0001763,ORD0000317,INV000022,1,380.43,380.43
ITEM0001764,ORD0000756,INV000258,2,647.95,1295.9
ITEM0001765,ORD0000776,INV000499,4,247.93,991.72
ITEM0001766,ORD0000635,INV000185,2,1305.2,2610.4
ITEM0001767,ORD0000062,INV000216,1,1246.56,1246.56
ITEM0001768,ORD0000384,INV000131,2,1234.06,2468.12
ITEM0001769,ORD0000304,INV000025,4,246.57,986.28
ITEM0001770,ORD0000156,INV000294,2,261.95,523.9
ITEM0001771,ORD0000210,INV000221,4,807.18,3228.72
ITEM0001772,ORD0000244,INV000229,1,559.66,559.66
ITEM0001773,ORD0000969,INV000243,5,1198.78,5993.9
ITEM0001774,ORD0000757,INV000378,4,1334.78,5339.12
ITEM0001775,ORD0000138,INV000223,3,1013.88,3041.64
ITEM0001776,ORD0000326,INV000352,3,47.14,141.42
ITEM0001777,ORD0000534,INV000269,1,528.42,528.42
ITEM0001778,ORD0000664,INV000413,4,1152.83,4611.32
ITEM0001779,ORD0000769,INV000391,3,546.42,1639.26
ITEM0001780,ORD0000235,INV000394,1,796.54,796.54
ITEM0001781,ORD0000351,INV000471,3,1015.42,3046.26
ITEM0001782,ORD0000211,INV000354,2,1376.51,2753.02
ITEM0001783,ORD0000056,INV000361,5,440.45,2202.25
ITEM0001784,ORD0000821,INV000397,2,396.36,792.72
ITEM0001785,ORD0000623,INV000213,2,1099.88,2199.76
ITEM0001786,ORD0000534,INV000481,4,1399.87,5599.48
ITEM0001787,ORD0000188,INV000182,3,480.67,1442.01
ITEM0001788,ORD0000645,INV000306,4,1023.29,4093.16
ITEM0001789,ORD0000067,INV000043,1,872.98,872.98
ITEM0001790,ORD0000072,INV000144,4,111.41,445.64
ITEM0001791,ORD0000054,INV000319,2,549.03,1098.06
ITEM0001792,ORD0000961,INV000388,2,1008.42,2016.84
ITEM0001793,ORD0000129,INV000119,2,1055.77,2111.54
ITEM0001794,ORD0000178,INV000475,1,526.46,526.46
ITEM0001795,ORD0000563,INV000193,5,668.3,3341.5
ITEM0001796,ORD0000242,INV000443,2,205.23,410.46
ITEM0001797,ORD0000081,INV000285,5,595.92,2979.6
ITEM0001798,ORD0000743,INV000222,4,878.92,3515.68
ITEM0001799,ORD0000319,INV000164,4,939.99,3759.96
ITEM0001800,ORD0000739,INV000023,2,953.26,1906.52
ITEM0001801,ORD0000251,INV000487,2,981.07,1962.14
ITEM0001802,ORD0000181,INV000448,4,197.35,789.4
ITEM0001803,ORD0000255,INV000357,5,171.22,856.1
ITEM0001804,ORD0000293,INV000239,3,1181.53,3544.59
ITEM0001805,ORD0000460,INV000323,5,381.73,1908.65
ITEM0001806,ORD0000279,INV000368,2,71.28,142.56
ITEM0001807,ORD0000082,INV000337,4,1083.17,4332.68
ITEM0001808,ORD0000408,INV000483,3,367.47,1102.41
ITEM0001809,ORD0000172,INV000287,4,1147.42,4589.68
ITEM0001810,ORD0000452,INV000032,4,1389.02,5556.08
ITEM0001811,ORD0000518,INV000437,4,1145.87,4583.48
ITEM0001812,ORD0000753,INV000312,5,968.78,4843.9
ITEM0001813,ORD0000779,INV000022,4,380.43,1521.72
ITEM0001814,ORD0000840,INV000387,2,415.46,830.92
ITEM0001815,ORD0000021,INV000407,4,703.77,2815.08
ITEM0001816,ORD0000438,INV000427,4,683.05,2732.2
ITEM0001817,ORD0000778,INV000119,1,1055.77,1055.77
ITEM0001818,ORD0000610,INV000018,3,1408.7,4226.1
ITEM0001819,ORD0000157,INV000088,5,1253.19,6265.95
ITEM0001820,ORD0000745,INV000463,5,225.92,1129.6
ITEM0001821,ORD0000264,INV000159,2,435.89,871.78
ITEM0001822,ORD0000475,INV000255,4,574.45,2297.8
ITEM0001823,ORD0000465,INV000175,3,417.99,1253.97
ITEM0001824,ORD0000385,INV000078,3,718.08,2154.24
ITEM0001825,ORD0000621,INV000009,5,1402.39,7011.95
ITEM0001826,ORD0000074,INV000146,4,1363.08,5452.32
ITEM0001827,ORD0000140,INV000299,3,502.94,1508.82
ITEM0001828,ORD0000201,INV000031,4,1171.27,4685.08
ITEM0001829,ORD0000939,INV000421,2,1264.58,2529.16
ITEM0001830,ORD0000005,INV000295,2,1248.88,2497.76
ITEM0001831,ORD0000883,INV000237,1,995.84,995.84
ITEM0001832,ORD0000748,INV000376,5,538.68,2693.4
ITEM0001833,ORD0000504,INV000108,3,1323.04,3969.12
ITEM0001834,ORD0000948,INV000358,4,187.16,748.64
ITEM0001835,ORD0000963,INV000243,4,1198.78,4795.12
ITEM0001836,ORD0000994,INV000358,4,187.16,748.64
ITEM0001837,ORD0000394,INV000339,3,1129.82,3389.46
ITEM0001838,ORD0000316,INV000434,4,438.87,1755.48
ITEM0001839,ORD0000073,INV000202,5,1418.13,7090.65
ITEM0001840,ORD0000907,INV000184,4,1447.41,5789.64
ITEM0001841,ORD0000944,INV000366,1,1183.84,1183.84
ITEM0001842,ORD0000395,INV000159,1,435.89,435.89
ITEM0001843,ORD0000167,INV000350,5,84.62,423.1
ITEM0001844,ORD0000782,INV000488,2,977.56,1955.12
ITEM0001845,ORD0000981,INV000151,4,1103.13,4412.52
ITEM0001846,ORD0000790,INV000202,3,1418.13,4254.39
ITEM0001847,ORD0000522,INV000477,3,1344.16,4032.48
ITEM0001848,ORD0000651,INV000484,4,958.73,3834.92
ITEM0001849,ORD0000714,INV000292,3,865.76,2597.28
ITEM0001850,ORD0000667,INV000108,1,1323.04,1323.04
ITEM0001851,ORD0000949,INV000005,4,107.44,429.76
ITEM0001852,ORD0000754,INV000416,4,1421.49,5685.96
ITEM0001853,ORD0000249,INV000385,2,1036.2,2072.4
ITEM0001854,ORD0000036,INV000086,4,321.43,1285.72
ITEM0001855,ORD0000647,INV000317,3,759.3,2277.9
ITEM0001856,ORD0000715,INV000213,1,1099.88,1099.88
ITEM0001857,ORD0000268,INV000026,2,843.56,1687.12
ITEM0001858,ORD0000467,INV000296,5,657.88,3289.4
ITEM0001859,ORD0000261,INV000130,2,382.46,764.92
ITEM0001860,ORD0000617,INV000472,2,292.43,584.86
ITEM0001861,ORD0000975,INV000499,5,247.93,1239.65
ITEM0001862,ORD0000013,INV000155,2,1374.53,2749.06
ITEM0001863,ORD0000790,INV000065,1,80.08,80.08
ITEM0001864,ORD0000660,INV000059,1,340.84,340.84
ITEM0001865,ORD0000408,INV000067,4,1425.31,5701.24
ITEM0001866,ORD0000998,INV000141,5,830.23,4151.15
ITEM0001867,ORD0000531,INV000296,1,657.88,657.88
ITEM0001868,ORD0000898,INV000443,2,205.23,410.46
ITEM0001869,ORD0000170,INV000207,4,415.35,1661.4
ITEM0001870,ORD0000259,INV000495,4,1393.04,5572.16
ITEM0001871,ORD0000513,INV000478,3,439.23,1317.69
ITEM0001872,ORD0000675,INV000168,5,469.57,2347.85
ITEM0001873,ORD0000601,INV000085,4,276.68,1106.72
ITEM0001874,ORD0000752,INV000022,3,380.43,1141.29
ITEM0001875,ORD0000771,INV000267,4,902.61,3610.44
ITEM0001876,ORD0000112,INV000280,1,1012.58,1012.58
ITEM0001877,ORD0000796,INV000131,5,1234.06,6170.3
ITEM0001878,ORD0000834,INV000380,3,554.18,1662.54
ITEM0001879,ORD0000276,INV000352,2,47.14,94.28
ITEM0001880,ORD0000953,INV000275,2,109.03,218.06
ITEM0001881,ORD0000716,INV000015,4,557.44,2229.76
ITEM0001882,ORD0000007,INV000392,3,909.62,2728.86
ITEM0001883,ORD0000836,INV000279,2,1325.6,2651.2
ITEM0001884,ORD0000002,INV000163,4,86.04,344.16
ITEM0001885,ORD0000072,INV000283,1,647.72,647.72
ITEM0001886,ORD0000538,INV000214,4,1122.48,4489.92
ITEM0001887,ORD0000671,INV000172,4,626.16,2504.64
ITEM0001888,ORD0000751,INV000221,3,807.18,2421.54
ITEM0001889,ORD0000175,INV000379,4,511.86,2047.44
ITEM0001890,ORD0000384,INV000122,2,328.5,657.0
ITEM0001891,ORD0000721,INV000029,2,1348.98,2697.96
ITEM0001892,ORD0000203,INV000228,2,1331.45,2662.9
ITEM0001893,ORD0000187,INV000444,4,552.08,2208.32
ITEM0001894,ORD0000972,INV000288,5,16.56,82.8
ITEM0001895,ORD0000462,INV000322,1,497.89,497.89
ITEM0001896,ORD0000834,INV000099,5,1195.36,5976.8
ITEM0001897,ORD0000191,INV000062,2,1078.93,2157.86
ITEM0001898,ORD0000061,INV000139,2,1421.65,2843.3
ITEM0001899,ORD0000829,INV000147,2,94.16,188.32
ITEM0001900,ORD0000266,INV000321,2,1184.89,2369.78
ITEM0001901,ORD0000452,INV000021,4,309.38,1237.52
ITEM0001902,ORD0000112,INV000235,5,95.52,477.6
ITEM0001903,ORD0000082,INV000309,2,1195.51,2391.02
ITEM0001904,ORD0000088,INV000274,3,529.78,1589.34
ITEM0001905,ORD0000128,INV000159,4,435.89,1743.56
ITEM0001906,ORD0000066,INV000398,3,1494.57,4483.71
ITEM0001907,ORD0000031,INV000044,3,896.87,2690.61
ITEM0001908,ORD0000241,INV000275,5,109.03,545.15
ITEM0001909,ORD0000497,INV000072,4,1071.75,4287.0
ITEM0001910,ORD0000010,INV000088,1,1253.19,1253.19
ITEM0001911,ORD0000273,INV000201,1,1018.03,1018.03
ITEM0001912,ORD0000682,INV000445,1,546.97,546.97
ITEM0001913,ORD0000809,INV000495,5,1393.04,6965.2
ITEM0001914,ORD0000100,INV000346,1,431.17,431.17
ITEM0001915,ORD0000535,INV000263,2,650.66,1301.32
ITEM0001916,ORD0000385,INV000426,1,1208.01,1208.01
ITEM0001917,ORD0000533,INV000150,5,659.45,3297.25
ITEM0001918,ORD0000955,INV000396,3,751.07,2253.21
ITEM0001919,ORD0000485,INV000187,4,617.92,2471.68
ITEM0001920,ORD0000619,INV000192,3,1121.42,3364.26
ITEM0001921,ORD0000345,INV000069,4,1116.76,4467.04
ITEM0001922,ORD0000699,INV000383,3,485.21,1455.63
ITEM0001923,ORD0000323,INV000090,3,1172.94,3518.82
ITEM0001924,ORD0000964,INV000006,2,184.23,368.46
ITEM0001925,ORD0000682,INV000054,3,433.94,1301.82
ITEM0001926,ORD0000388,INV000063,4,369.76,1479.04
ITEM0001927,ORD0000059,INV000497,5,1334.44,6672.2
ITEM0001928,ORD0000895,INV000498,3,412.89,1238.67
ITEM0001929,ORD0000826,INV000002,3,870.87,2612.61
ITEM0001930,ORD0000004,INV000464,1,860.99,860.99
ITEM0001931,ORD0000892,INV000100,4,801.45,3205.8
ITEM0001932,ORD0000743,INV000051,4,833.85,3335.4
ITEM0001933,ORD0000027,INV000106,2,699.99,1399.98
ITEM0001934,ORD0000126,INV000183,5,1482.68,7413.4
ITEM0001935,ORD0000287,INV000013,5,808.76,4043.8
ITEM0001936,ORD0000378,INV000359,2,98.9,197.8
ITEM0001937,ORD0000634,INV000391,4,546.42,2185.68
ITEM0001938,ORD0000528,INV000482,4,168.29,673.16
ITEM0001939,ORD0000677,INV000191,4,928.1,3712.4
ITEM0001940,ORD0000004,INV000220,2,140.0,280.0
ITEM0001941,ORD0000018,INV000013,3,808.76,2426.28
ITEM0001942,ORD0000895,INV000186,3,791.3,2373.9
ITEM0001943,ORD0000993,INV000468,1,780.43,780.43
ITEM0001944,ORD0000695,INV000434,3,438.87,1316.61
ITEM0001945,ORD0000240,INV000042,4,1409.16,5636.64
ITEM0001946,ORD0000497,INV000236,5,1423.77,7118.85
ITEM0001947,ORD0000757,INV000431,4,200.5,802.0
ITEM0001948,ORD0000814,INV000292,5,865.76,4328.8
ITEM0001949,ORD0000357,INV000200,1,1001.93,1001.93
ITEM0001950,ORD0000962,INV000296,4,657.88,2631.52
ITEM0001951,ORD0000675,INV000362,4,364.64,1458.56
ITEM0001952,ORD0000752,INV000205,1,359.62,359.62
ITEM0001953,ORD0000301,INV000290,4,112.75,451.0
ITEM0001954,ORD0000200,INV000259,5,511.7,2558.5
ITEM0001955,ORD0000891,INV000179,2,520.96,1041.92
ITEM0001956,ORD0000898,INV000071,5,941.99,4709.95
ITEM0001957,ORD0000804,INV000267,5,902.61,4513.05
ITEM0001958,ORD0000033,INV000088,5,1253.19,6265.95
ITEM0001959,ORD0000510,INV000443,2,205.23,410.46
ITEM0001960,ORD0000309,INV000349,1,1327.52,1327.52
ITEM0001961,ORD0000896,INV000149,5,1414.3,7071.5
ITEM0001962,ORD0000173,INV000175,4,417.99,1671.96
ITEM0001963,ORD0000978,INV000335,4,897.88,3591.52
ITEM0001964,ORD0000494,INV000455,1,592.47,592.47
ITEM0001965,ORD0000247,INV000062,5,1078.93,5394.65
ITEM0001966,ORD0000217,INV000355,2,675.66,1351.32
ITEM0001967,ORD0000772,INV000494,2,18.85,37.7
ITEM0001968,ORD0000109,INV000165,1,404.25,404.25
ITEM0001969,ORD0000733,INV000206,4,1489.07,5956.28
ITEM0001970,ORD0000165,INV000153,1,1499.36,1499.36
ITEM0001971,ORD0000925,INV000241,3,1162.68,3488.04
ITEM0001972,ORD0000785,INV000343,4,1449.57,5798.28
ITEM0001973,ORD0000226,INV000110,3,733.89,2201.67
ITEM0001974,ORD0000682,INV000146,3,1363.08,4089.24
ITEM0001975,ORD0000975,INV000104,4,656.05,2624.2
ITEM0001976,ORD0000682,INV000444,1,552.08,552.08
ITEM0001977,ORD0000945,INV000032,2,1389.02,2778.04
ITEM0001978,ORD0000649,INV000343,5,1449.57,7247.85
ITEM0001979,ORD0000093,INV000150,4,659.45,2637.8
ITEM0001980,ORD0000893,INV000015,3,557.44,1672.32
ITEM0001981,ORD0000955,INV000134,2,1490.91,2981.82
ITEM0001982,ORD0000785,INV000354,5,1376.51,6882.55
ITEM0001983,ORD0000067,INV000173,5,687.9,3439.5
ITEM0001984,ORD0000387,INV000123,3,1470.86,4412.58
ITEM0001985,ORD0000670,INV000203,4,1037.02,4148.08
ITEM0001986,ORD0000990,INV000057,5,429.26,2146.3
ITEM0001987,ORD0000828,INV000110,4,733.89,2935.56
ITEM0001988,ORD0000229,INV000442,2,432.19,864.38
ITEM0001989,ORD0000119,INV000236,3,1423.77,4271.31
ITEM0001990,ORD0000090,INV000454,3,495.31,1485.93
ITEM0001991,ORD0000092,INV000015,1,557.44,557.44
ITEM0001992,ORD0000759,INV000001,3,236.42,709.26
ITEM0001993,ORD0000960,INV000371,5,1075.49,5377.45
ITEM0001994,ORD0000763,INV000317,2,759.3,1518.6
ITEM0001995,ORD0000587,INV000244,1,27.22,27.22
ITEM0001996,ORD0000131,INV000443,3,205.23,615.69
ITEM0001997,ORD0000977,INV000277,3,683.2,2049.6
ITEM0001998,ORD0000591,INV000411,4,701.42,2805.68
ITEM0001999,ORD0000319,INV000196,1,799.09,799.09
ITEM0002000,ORD0000605,INV000461,1,1083.49,1083.49
ITEM0002001,ORD0000195,INV000142,5,678.5,3392.5
ITEM0002002,ORD0000434,INV000416,4,1421.49,5685.96
ITEM0002003,ORD0000790,INV000402,3,1065.76,3197.28
ITEM0002004,ORD0000817,INV000217,3,1121.11,3363.33
ITEM0002005,ORD0000533,INV000484,2,958.73,1917.46
ITEM0002006,ORD0000605,INV000462,5,788.73,3943.65
ITEM0002007,ORD0000110,INV000052,2,1017.59,2035.18
ITEM0002008,ORD0000010,INV000265,4,1006.67,4026.68
ITEM0002009,ORD0000873,INV000261,5,999.34,4996.7
ITEM0002010,ORD0000324,INV000021,4,309.38,1237.52
ITEM0002011,ORD0000836,INV000466,2,622.38,1244.76
ITEM0002012,ORD0000858,INV000402,3,1065.76,3197.28
ITEM0002013,ORD0000512,INV000050,2,1002.0,2004.0
ITEM0002014,ORD0000151,INV000184,4,1447.41,5789.64
ITEM0002015,ORD0000291,INV000040,5,421.51,2107.55
ITEM0002016,ORD0000765,INV000242,2,419.53,839.06
ITEM0002017,ORD0000614,INV000109,1,507.91,507.91
ITEM0002018,ORD0000317,INV000066,3,204.34,613.02
ITEM0002019,ORD0000706,INV000257,5,1190.68,5953.4
ITEM0002020,ORD0000281,INV000200,1,1001.93,1001.93
ITEM0002021,ORD0000490,INV000227,5,1493.91,7469.55
ITEM0002022,ORD0000507,INV000235,2,95.52,191.04
ITEM0002023,ORD0000722,INV000394,3,796.54,2389.62
ITEM0002024,ORD0000061,INV000057,4,429.26,1717.04
ITEM0002025,ORD0000157,INV000009,3,1402.39,4207.17
ITEM0002026,ORD0000869,INV000044,2,896.87,1793.74
ITEM0002027,ORD0000718,INV000399,2,188.34,376.68
ITEM0002028,ORD0000946,INV000309,1,1195.51,1195.51
ITEM0002029,ORD0000878,INV000131,2,1234.06,2468.12
ITEM0002030,ORD0000745,INV000429,4,513.59,2054.36
ITEM0002031,ORD0000307,INV000492,4,1495.77,5983.08
ITEM0002032,ORD0000023,INV000236,2,1423.77,2847.54
ITEM0002033,ORD0000402,INV000302,5,158.69,793.45
ITEM0002034,ORD0000433,INV000057,3,429.26,1287.78
ITEM0002035,ORD0000357,INV000239,4,1181.53,4726.12
ITEM0002036,ORD0000401,INV000049,4,996.76,3987.04
ITEM0002037,ORD0000541,INV000128,1,1309.72,1309.72
ITEM0002038,ORD0000290,INV000068,3,1246.7,3740.1
ITEM0002039,ORD0000718,INV000261,2,999.34,1998.68
ITEM0002040,ORD0000404,INV000058,5,144.61,723.05
ITEM0002041,ORD0000135,INV000121,1,183.73,183.73
ITEM0002042,ORD0000771,INV000304,3,1427.18,4281.54
ITEM0002043,ORD0000887,INV000033,5,1322.72,6613.6
ITEM0002044,ORD0000871,INV000447,1,1238.84,1238.84
ITEM0002045,ORD0000469,INV000014,3,1400.22,4200.66
ITEM0002046,ORD0000592,INV000074,2,230.49,460.98
ITEM0002047,ORD0000453,INV000256,2,683.3,1366.6
ITEM0002048,ORD0000299,INV000325,4,468.8,1875.2
ITEM0002049,ORD0000215,INV000041,2,964.02,1928.04
ITEM0002050,ORD0000824,INV000180,2,685.74,1371.48
ITEM0002051,ORD0000753,INV000081,2,48.39,96.78
ITEM0002052,ORD0000371,INV000274,1,529.78,529.78
ITEM0002053,ORD0000105,INV000048,5,549.51,2747.55
ITEM0002054,ORD0000386,INV000084,2,130.5,261.0
ITEM0002055,ORD0000696,INV000416,4,1421.49,5685.96
ITEM0002056,ORD0000949,INV000470,2,1368.63,2737.26
ITEM0002057,ORD0000099,INV000017,1,1003.46,1003.46
ITEM0002058,ORD0000998,INV000050,3,1002.0,3006.0
ITEM0002059,ORD0000184,INV000114,4,1037.46,4149.84
ITEM0002060,ORD0000121,INV000180,1,685.74,685.74
ITEM0002061,ORD0000666,INV000049,5,996.76,4983.8
ITEM0002062,ORD0000608,INV000191,3,928.1,2784.3
ITEM0002063,ORD0000994,INV000165,4,404.25,1617.0
ITEM0002064,ORD0000643,INV000243,2,1198.78,2397.56
ITEM0002065,ORD0000251,INV000102,4,1234.38,4937.52
ITEM0002066,ORD0000122,INV000085,1,276.68,276.68
ITEM0002067,ORD0000407,INV000378,2,1334.78,2669.56
ITEM0002068,ORD0000310,INV000222,4,878.92,3515.68
ITEM0002069,ORD0000978,INV000086,5,321.43,1607.15
ITEM0002070,ORD0000669,INV000407,2,703.77,1407.54
ITEM0002071,ORD0000795,INV000475,4,526.46,2105.84
ITEM0002072,ORD0000797,INV000301,1,1092.43,1092.43
ITEM0002073,ORD0000886,INV000431,4,200.5,802.0
ITEM0002074,ORD0000282,INV000017,4,1003.46,4013.84
ITEM0002075,ORD0000377,INV000454,4,495.31,1981.24
ITEM0002076,ORD0000123,INV000455,1,592.47,592.47
ITEM0002077,ORD0000085,INV000198,1,749.01,749.01
ITEM0002078,ORD0000501,INV000383,1,485.21,485.21
ITEM0002079,ORD0000231,INV000101,5,761.41,3807.05
ITEM0002080,ORD0000601,INV000411,1,701.42,701.42
ITEM0002081,ORD0000587,INV000482,5,168.29,841.45
ITEM0002082,ORD0000281,INV000259,4,511.7,2046.8
ITEM0002083,ORD0000814,INV000243,1,1198.78,1198.78
ITEM0002084,ORD0000186,INV000454,5,495.31,2476.55
ITEM0002085,ORD0000496,INV000109,4,507.91,2031.64
ITEM0002086,ORD0000306,INV000039,4,40.38,161.52
ITEM0002087,ORD0000129,INV000373,5,476.82,2384.1
ITEM0002088,ORD0000334,INV000292,1,865.76,865.76
ITEM0002089,ORD0000731,INV000288,1,16.56,16.56
ITEM0002090,ORD0000190,INV000414,5,1247.93,6239.65
ITEM0002091,ORD0000833,INV000141,4,830.23,3320.92
ITEM0002092,ORD0000404,INV000398,1,1494.57,1494.57
ITEM0002093,ORD0000838,INV000004,5,90.03,450.15
ITEM0002094,ORD0000803,INV000377,5,413.46,2067.3
ITEM0002095,ORD0000501,INV000475,5,526.46,2632.3
ITEM0002096,ORD0000532,INV000222,1,878.92,878.92
ITEM0002097,ORD0000552,INV000018,5,1408.7,7043.5
ITEM0002098,ORD0000772,INV000097,1,1412.5,1412.5
ITEM0002099,ORD0000989,INV000180,2,685.74,1371.48
ITEM0002100,ORD0000186,INV000322,1,497.89,497.89
ITEM0002101,ORD0000712,INV000433,5,677.15,3385.75
ITEM0002102,ORD0000006,INV000247,2,716.99,1433.98
ITEM0002103,ORD0000458,INV000083,5,1360.86,6804.3
ITEM0002104,ORD0000126,INV000262,3,105.36,316.08
ITEM0002105,ORD0000132,INV000120,1,349.65,349.65
ITEM0002106,ORD0000212,INV000474,5,1036.91,5184.55
ITEM0002107,ORD0000090,INV000348,2,142.11,284.22
ITEM0002108,ORD0000263,INV000397,5,396.36,1981.8
ITEM0002109,ORD0000087,INV000397,1,396.36,396.36
ITEM0002110,ORD0000519,INV000369,1,1246.42,1246.42
ITEM0002111,ORD0000373,INV000259,3,511.7,1535.1
ITEM0002112,ORD0000176,INV000260,5,1095.77,5478.85
ITEM0002113,ORD0000968,INV000069,4,1116.76,4467.04
ITEM0002114,ORD0000255,INV000071,1,941.99,941.99
ITEM0002115,ORD0000048,INV000416,3,1421.49,4264.47
ITEM0002116,ORD0000927,INV000227,5,1493.91,7469.55
ITEM0002117,ORD0000675,INV000335,3,897.88,2693.64
ITEM0002118,ORD0000456,INV000086,5,321.43,1607.15
ITEM0002119,ORD0000591,INV000218,2,1444.53,2889.06
ITEM0002120,ORD0000712,INV000260,4,1095.77,4383.08
ITEM0002121,ORD0000536,INV000317,3,759.3,2277.9
ITEM0002122,ORD0000621,INV000131,3,1234.06,3702.18
ITEM0002123,ORD0000523,INV000304,5,1427.18,7135.9
ITEM0002124,ORD0000705,INV000051,2,833.85,1667.7
ITEM0002125,ORD0000679,INV000050,1,1002.0,1002.0
ITEM0002126,ORD0000243,INV000103,1,955.2,955.2
ITEM0002127,ORD0000193,INV000117,1,712.52,712.52
ITEM0002128,ORD0000307,INV000308,2,662.45,1324.9
ITEM0002129,ORD0000981,INV000478,2,439.23,878.46
ITEM0002130,ORD0000617,INV000344,2,1310.14,2620.28
ITEM0002131,ORD0000222,INV000483,5,367.47,1837.35
ITEM0002132,ORD0000368,INV000006,5,184.23,921.15
ITEM0002133,ORD0000132,INV000492,3,1495.77,4487.31
ITEM0002134,ORD0000433,INV000322,5,497.89,2489.45
ITEM0002135,ORD0000564,INV000100,1,801.45,801.45
ITEM0002136,ORD0000267,INV000308,3,662.45,1987.35
ITEM0002137,ORD0000666,INV000348,4,142.11,568.44
ITEM0002138,ORD0000410,INV000142,2,678.5,1357.0
ITEM0002139,ORD0000086,INV000051,4,833.85,3335.4
ITEM0002140,ORD0000693,INV000339,3,1129.82,3389.46
ITEM0002141,ORD0000963,INV000315,4,909.48,3637.92
ITEM0002142,ORD0000549,INV000129,2,720.68,1441.36
ITEM0002143,ORD0000073,INV000390,2,57.02,114.04
ITEM0002144,ORD0000649,INV000429,3,513.59,1540.77
ITEM0002145,ORD0000732,INV000415,2,251.16,502.32
ITEM0002146,ORD0000578,INV000371,3,1075.49,3226.47
ITEM0002147,ORD0000620,INV000267,5,902.61,4513.05
ITEM0002148,ORD0000430,INV000487,2,981.07,1962.14
ITEM0002149,ORD0000324,INV000217,2,1121.11,2242.22
ITEM0002150,ORD0000389,INV000034,4,1174.67,4698.68
ITEM0002151,ORD0000988,INV000219,1,1451.07,1451.07
ITEM0002152,ORD0000254,INV000091,5,1424.67,7123.35
ITEM0002153,ORD0000277,INV000251,1,1271.71,1271.71
ITEM0002154,ORD0000545,INV000182,1,480.67,480.67
ITEM0002155,ORD0000701,INV000014,1,1400.22,1400.22
ITEM0002156,ORD0000417,INV000291,5,33.02,165.1
ITEM0002157,ORD0000338,INV000429,1,513.59,513.59
ITEM0002158,ORD0000372,INV000043,1,872.98,872.98
ITEM0002159,ORD0000797,INV000063,3,369.76,1109.28
ITEM0002160,ORD0000150,INV000177,3,427.84,1283.52
ITEM0002161,ORD0000281,INV000210,2,933.23,1866.46
ITEM0002162,ORD0000101,INV000107,1,486.85,486.85
ITEM0002163,ORD0000993,INV000325,4,468.8,1875.2
ITEM0002164,ORD0000388,INV000139,2,1421.65,2843.3
ITEM0002165,ORD0000802,INV000062,1,1078.93,1078.93
ITEM0002166,ORD0000180,INV000076,1,626.58,626.58
ITEM0002167,ORD0000746,INV000407,5,703.77,3518.85
ITEM0002168,ORD0000603,INV000433,3,677.15,2031.45
ITEM0002169,ORD0000098,INV000226,4,213.97,855.88
ITEM0002170,ORD0000358,INV000146,5,1363.08,6815.4
ITEM0002171,ORD0000887,INV000358,5,187.16,935.8
ITEM0002172,ORD0000565,INV000178,3,1298.56,3895.68
ITEM0002173,ORD0000623,INV000160,3,684.96,2054.88
ITEM0002174,ORD0000919,INV000430,1,1102.63,1102.63
ITEM0002175,ORD0000175,INV000101,1,761.41,761.41
ITEM0002176,ORD0000970,INV000244,3,27.22,81.66
ITEM0002177,ORD0000186,INV000429,4,513.59,2054.36
ITEM0002178,ORD0000826,INV000042,3,1409.16,4227.48
ITEM0002179,ORD0000565,INV000055,5,700.16,3500.8
ITEM0002180,ORD0000904,INV000378,5,1334.78,6673.9
ITEM0002181,ORD0000489,INV000402,4,1065.76,4263.04
ITEM0002182,ORD0000131,INV000491,5,629.74,3148.7
ITEM0002183,ORD0000010,INV000147,3,94.16,282.48
ITEM0002184,ORD0000731,INV000147,5,94.16,470.8
ITEM0002185,ORD0000674,INV000356,2,387.61,775.22
ITEM0002186,ORD0000147,INV000172,2,626.16,1252.32
ITEM0002187,ORD0000582,INV000484,4,958.73,3834.92
ITEM0002188,ORD0000055,INV000393,3,561.16,1683.48
ITEM0002189,ORD0000725,INV000465,3,33.31,99.93
ITEM0002190,ORD0000695,INV000200,2,1001.93,2003.86
ITEM0002191,ORD0000429,INV000344,5,1310.14,6550.7
ITEM0002192,ORD0000188,INV000046,4,1349.76,5399.04
ITEM0002193,ORD0000363,INV000021,4,309.38,1237.52
ITEM0002194,ORD0000515,INV000392,4,909.62,3638.48
ITEM0002195,ORD0000283,INV000062,3,1078.93,3236.79
ITEM0002196,ORD0000534,INV000415,4,251.16,1004.64
ITEM0002197,ORD0000313,INV000483,2,367.47,734.94
ITEM0002198,ORD0000971,INV000465,1,33.31,33.31
ITEM0002199,ORD0000417,INV000177,3,427.84,1283.52
ITEM0002200,ORD0000866,INV000495,3,1393.04,4179.12
ITEM0002201,ORD0000650,INV000360,1,949.77,949.77
ITEM0002202,ORD0000079,INV000147,1,94.16,94.16
ITEM0002203,ORD0000968,INV000207,2,415.35,830.7
ITEM0002204,ORD0000170,INV000212,1,1183.97,1183.97
ITEM0002205,ORD0000059,INV000244,5,27.22,136.1
ITEM0002206,ORD0000762,INV000377,1,413.46,413.46
ITEM0002207,ORD0000568,INV000326,3,894.59,2683.77
ITEM0002208,ORD0000828,INV000490,4,805.05,3220.2
ITEM0002209,ORD0000986,INV000395,1,378.17,378.17
ITEM0002210,ORD0000694,INV000083,4,1360.86,5443.44
ITEM0002211,ORD0000955,INV000235,5,95.52,477.6
ITEM0002212,ORD0000492,INV000181,2,859.84,1719.68
ITEM0002213,ORD0000528,INV000086,4,321.43,1285.72
ITEM0002214,ORD0000715,INV000274,5,529.78,2648.9
ITEM0002215,ORD0000416,INV000197,1,266.73,266.73
ITEM0002216,ORD0000632,INV000469,1,790.59,790.59
ITEM0002217,ORD0000933,INV000078,2,718.08,1436.16
ITEM0002218,ORD0000732,INV000033,1,1322.72,1322.72
ITEM0002219,ORD0000720,INV000188,4,706.89,2827.56
ITEM0002220,ORD0000768,INV000010,5,402.09,2010.45
ITEM0002221,ORD0000251,INV000392,3,909.62,2728.86
ITEM0002222,ORD0000701,INV000411,5,701.42,3507.1
ITEM0002223,ORD0000044,INV000411,5,701.42,3507.1
ITEM0002224,ORD0000460,INV000275,5,109.03,545.15
ITEM0002225,ORD0000691,INV000024,2,10.3,20.6
ITEM0002226,ORD0000926,INV000042,5,1409.16,7045.8
ITEM0002227,ORD0000180,INV000187,2,617.92,1235.84
ITEM0002228,ORD0000376,INV000292,1,865.76,865.76
ITEM0002229,ORD0000527,INV000182,2,480.67,961.34
ITEM0002230,ORD0000976,INV000448,3,197.35,592.05
ITEM0002231,ORD0000433,INV000460,1,401.97,401.97
ITEM0002232,ORD0000389,INV000067,4,1425.31,5701.24
ITEM0002233,ORD0000383,INV000311,2,61.22,122.44
ITEM0002234,ORD0000347,INV000089,1,1499.86,1499.86
ITEM0002235,ORD0000852,INV000277,2,683.2,1366.4
ITEM0002236,ORD0000872,INV000418,5,192.13,960.65
ITEM0002237,ORD0000298,INV000190,1,1431.44,1431.44
ITEM0002238,ORD0000495,INV000009,3,1402.39,4207.17
ITEM0002239,ORD0000272,INV000202,3,1418.13,4254.39
ITEM0002240,ORD0000003,INV000230,2,883.07,1766.14
ITEM0002241,ORD0000404,INV000202,5,1418.13,7090.65
ITEM0002242,ORD0000946,INV000151,2,1103.13,2206.26
ITEM0002243,ORD0000952,INV000138,3,855.1,2565.3
ITEM0002244,ORD0000846,INV000138,5,855.1,4275.5
ITEM0002245,ORD0000958,INV000114,1,1037.46,1037.46
ITEM0002246,ORD0000914,INV000090,4,1172.94,4691.76
ITEM0002247,ORD0000869,INV000084,5,130.5,652.5
ITEM0002248,ORD0000059,INV000460,4,401.97,1607.88
ITEM0002249,ORD0000007,INV000092,3,361.62,1084.86
ITEM0002250,ORD0000472,INV000363,5,787.61,3938.05
ITEM0002251,ORD0000306,INV000304,3,1427.18,4281.54
ITEM0002252,ORD0000110,INV000143,3,53.8,161.4
ITEM0002253,ORD0000359,INV000404,1,1191.58,1191.58
ITEM0002254,ORD0000412,INV000377,2,413.46,826.92
ITEM0002255,ORD0000010,INV000070,3,1128.91,3386.73
ITEM0002256,ORD0000442,INV000463,1,225.92,225.92
ITEM0002257,ORD0000203,INV000429,4,513.59,2054.36
ITEM0002258,ORD0000542,INV000085,1,276.68,276.68
ITEM0002259,ORD0000921,INV000021,5,309.38,1546.9
ITEM0002260,ORD0000421,INV000449,2,1193.37,2386.74
ITEM0002261,ORD0000936,INV000499,1,247.93,247.93
ITEM0002262,ORD0000008,INV000330,4,32.25,129.0
ITEM0002263,ORD0000788,INV000203,2,1037.02,2074.04
ITEM0002264,ORD0000232,INV000489,3,431.7,1295.1
ITEM0002265,ORD0000405,INV000118,4,1494.96,5979.84
ITEM0002266,ORD0000307,INV000239,3,1181.53,3544.59
ITEM0002267,ORD0000439,INV000008,3,631.74,1895.22
ITEM0002268,ORD0000550,INV000393,2,561.16,1122.32
ITEM0002269,ORD0000112,INV000278,3,1083.79,3251.37
ITEM0002270,ORD0000673,INV000443,4,205.23,820.92
ITEM0002271,ORD0000166,INV000391,4,546.42,2185.68
ITEM0002272,ORD0000363,INV000307,2,1297.05,2594.1
ITEM0002273,ORD0000006,INV000114,4,1037.46,4149.84
ITEM0002274,ORD0000905,INV000206,3,1489.07,4467.21
ITEM0002275,ORD0000114,INV000368,2,71.28,142.56
ITEM0002276,ORD0000292,INV000296,2,657.88,1315.76
ITEM0002277,ORD0000137,INV000494,1,18.85,18.85
ITEM0002278,ORD0000432,INV000191,4,928.1,3712.4
ITEM0002279,ORD0000923,INV000214,3,1122.48,3367.44
ITEM0002280,ORD0000165,INV000062,1,1078.93,1078.93
ITEM0002281,ORD0000972,INV000497,2,1334.44,2668.88
ITEM0002282,ORD0000983,INV000497,4,1334.44,5337.76
ITEM0002283,ORD0000122,INV000261,3,999.34,2998.02
ITEM0002284,ORD0000501,INV000468,4,780.43,3121.72
ITEM0002285,ORD0000508,INV000196,5,799.09,3995.45
ITEM0002286,ORD0000333,INV000269,2,528.42,1056.84
ITEM0002287,ORD0000514,INV000481,4,1399.87,5599.48
ITEM0002288,ORD0000135,INV000212,4,1183.97,4735.88
ITEM0002289,ORD0000981,INV000237,1,995.84,995.84
ITEM0002290,ORD0000812,INV000123,1,1470.86,1470.86
ITEM0002291,ORD0000130,INV000458,1,555.69,555.69
ITEM0002292,ORD0000353,INV000177,2,427.84,855.68
ITEM0002293,ORD0000014,INV000372,5,443.7,2218.5
ITEM0002294,ORD0000054,INV000397,2,396.36,792.72
ITEM0002295,ORD0000440,INV000016,3,919.46,2758.38
ITEM0002296,ORD0000756,INV000035,5,243.0,1215.0
ITEM0002297,ORD0000445,INV000411,1,701.42,701.42
ITEM0002298,ORD0000297,INV000411,4,701.42,2805.68
ITEM0002299,ORD0000498,INV000191,3,928.1,2784.3
ITEM0002300,ORD0000780,INV000033,1,1322.72,1322.72
ITEM0002301,ORD0000254,INV000186,4,791.3,3165.2
ITEM0002302,ORD0000157,INV000291,5,33.02,165.1
ITEM0002303,ORD0000192,INV000196,5,799.09,3995.45
ITEM0002304,ORD0000288,INV000152,2,141.53,283.06
ITEM0002305,ORD0000885,INV000325,1,468.8,468.8
ITEM0002306,ORD0000718,INV000367,3,1158.39,3475.17
ITEM0002307,ORD0000683,INV000200,2,1001.93,2003.86
ITEM0002308,ORD0000204,INV000468,4,780.43,3121.72
ITEM0002309,ORD0000724,INV000076,4,626.58,2506.32
ITEM0002310,ORD0000718,INV000467,1,1309.86,1309.86
ITEM0002311,ORD0000626,INV000033,5,1322.72,6613.6
ITEM0002312,ORD0000194,INV000353,2,1188.11,2376.22
ITEM0002313,ORD0000645,INV000087,5,420.99,2104.95
ITEM0002314,ORD0000235,INV000051,2,833.85,1667.7
ITEM0002315,ORD0000136,INV000273,1,274.72,274.72
ITEM0002316,ORD0000040,INV000150,4,659.45,2637.8
ITEM0002317,ORD0000197,INV000267,3,902.61,2707.83
ITEM0002318,ORD0000437,INV000138,2,855.1,1710.2
ITEM0002319,ORD0000632,INV000081,1,48.39,48.39
ITEM0002320,ORD0000094,INV000218,2,1444.53,2889.06
ITEM0002321,ORD0000390,INV000373,1,476.82,476.82
ITEM0002322,ORD0000538,INV000435,4,376.16,1504.64
ITEM0002323,ORD0000717,INV000297,3,885.36,2656.08
ITEM0002324,ORD0000228,INV000272,2,915.45,1830.9
ITEM0002325,ORD0000437,INV000481,3,1399.87,4199.61
ITEM0002326,ORD0000063,INV000091,4,1424.67,5698.68
ITEM0002327,ORD0000438,INV000337,5,1083.17,5415.85
ITEM0002328,ORD0000312,INV000343,1,1449.57,1449.57
ITEM0002329,ORD0000276,INV000043,1,872.98,872.98
ITEM0002330,ORD0000288,INV000211,3,1355.59,4066.77
ITEM0002331,ORD0000729,INV000292,3,865.76,2597.28
ITEM0002332,ORD0000253,INV000151,4,1103.13,4412.52
ITEM0002333,ORD0000917,INV000135,3,911.44,2734.32
ITEM0002334,ORD0000187,INV000080,1,734.9,734.9
ITEM0002335,ORD0000001,INV000055,1,700.16,700.16
ITEM0002336,ORD0000677,INV000035,1,243.0,243.0
ITEM0002337,ORD0000218,INV000236,3,1423.77,4271.31
ITEM0002338,ORD0000484,INV000067,3,1425.31,4275.93
ITEM0002339,ORD0000931,INV000234,3,153.54,460.62
ITEM0002340,ORD0000104,INV000145,5,640.58,3202.9
ITEM0002341,ORD0000190,INV000304,4,1427.18,5708.72
ITEM0002342,ORD0000972,INV000212,3,1183.97,3551.91
ITEM0002343,ORD0000373,INV000084,4,130.5,522.0
ITEM0002344,ORD0000312,INV000258,3,647.95,1943.85
ITEM0002345,ORD0000100,INV000285,1,595.92,595.92
ITEM0002346,ORD0000700,INV000243,1,1198.78,1198.78
ITEM0002347,ORD0000789,INV000277,5,683.2,3416.0
ITEM0002348,ORD0000340,INV000364,2,588.73,1177.46
ITEM0002349,ORD0000760,INV000281,3,731.06,2193.18
ITEM0002350,ORD0000761,INV000113,3,1081.51,3244.53
ITEM0002351,ORD0000542,INV000136,5,1164.66,5823.3
ITEM0002352,ORD0000381,INV000270,5,1145.1,5725.5
ITEM0002353,ORD0000666,INV000484,2,958.73,1917.46
ITEM0002354,ORD0000216,INV000469,3,790.59,2371.77
ITEM0002355,ORD0000394,INV000087,5,420.99,2104.95
ITEM0002356,ORD0000909,INV000007,1,870.48,870.48
ITEM0002357,ORD0000134,INV000207,1,415.35,415.35
ITEM0002358,ORD0000124,INV000480,5,324.91,1624.55
ITEM0002359,ORD0000601,INV000445,1,546.97,546.97
ITEM0002360,ORD0000198,INV000293,2,437.83,875.66
ITEM0002361,ORD0000948,INV000469,4,790.59,3162.36
ITEM0002362,ORD0000077,INV000013,1,808.76,808.76
ITEM0002363,ORD0000634,INV000260,5,1095.77,5478.85
ITEM0002364,ORD0000309,INV000361,3,440.45,1321.35
ITEM0002365,ORD0000780,INV000391,4,546.42,2185.68
ITEM0002366,ORD0000547,INV000088,2,1253.19,2506.38
ITEM0002367,ORD0000045,INV000174,2,1383.19,2766.38
ITEM0002368,ORD0000197,INV000173,2,687.9,1375.8
ITEM0002369,ORD0000564,INV000442,4,432.19,1728.76
ITEM0002370,ORD0000913,INV000140,3,992.34,2977.02
ITEM0002371,ORD0000999,INV000284,5,792.77,3963.85
ITEM0002372,ORD0000917,INV000416,3,1421.49,4264.47
ITEM0002373,ORD0000460,INV000192,3,1121.42,3364.26
ITEM0002374,ORD0000933,INV000259,1,511.7,511.7
ITEM0002375,ORD0000070,INV000065,4,80.08,320.32
ITEM0002376,ORD0000430,INV000279,4,1325.6,5302.4
ITEM0002377,ORD0000954,INV000301,5,1092.43,5462.15
ITEM0002378,ORD0000810,INV000106,5,699.99,3499.95
ITEM0002379,ORD0000171,INV000374,1,1483.74,1483.74
ITEM0002380,ORD0000281,INV000200,5,1001.93,5009.65
ITEM0002381,ORD0000297,INV000357,2,171.22,342.44
ITEM0002382,ORD0000979,INV000312,1,968.78,968.78
ITEM0002383,ORD0000063,INV000112,5,777.36,3886.8
ITEM0002384,ORD0000759,INV000143,2,53.8,107.6
ITEM0002385,ORD0000507,INV000274,4,529.78,2119.12
ITEM0002386,ORD0000892,INV000181,5,859.84,4299.2
ITEM0002387,ORD0000995,INV000291,5,33.02,165.1
ITEM0002388,ORD0000170,INV000006,1,184.23,184.23
ITEM0002389,ORD0000769,INV000059,4,340.84,1363.36
ITEM0002390,ORD0000394,INV000342,5,695.21,3476.05
ITEM0002391,ORD0000799,INV000490,5,805.05,4025.25
ITEM0002392,ORD0000411,INV000278,4,1083.79,4335.16
ITEM0002393,ORD0000279,INV000460,5,401.97,2009.85
ITEM0002394,ORD0000189,INV000082,2,1261.56,2523.12
ITEM0002395,ORD0000164,INV000012,1,690.14,690.14
ITEM0002396,ORD0000224,INV000342,5,695.21,3476.05
ITEM0002397,ORD0000714,INV000252,5,1070.04,5350.2
ITEM0002398,ORD0000901,INV000113,1,1081.51,1081.51
ITEM0002399,ORD0000467,INV000458,5,555.69,2778.45
ITEM0002400,ORD0000725,INV000450,5,1133.67,5668.35
ITEM0002401,ORD0000266,INV000287,5,1147.42,5737.1
ITEM0002402,ORD0000873,INV000320,3,616.11,1848.33
ITEM0002403,ORD0000304,INV000279,2,1325.6,2651.2
ITEM0002404,ORD0000566,INV000071,3,941.99,2825.97
ITEM0002405,ORD0000176,INV000200,1,1001.93,1001.93
ITEM0002406,ORD0000047,INV000448,2,197.35,394.7
ITEM0002407,ORD0000244,INV000080,5,734.9,3674.5
ITEM0002408,ORD0000041,INV000282,3,327.28,981.84
ITEM0002409,ORD0000965,INV000092,2,361.62,723.24
ITEM0002410,ORD0000950,INV000254,3,416.15,1248.45
ITEM0002411,ORD0000277,INV000282,2,327.28,654.56
ITEM0002412,ORD0000658,INV000258,1,647.95,647.95
ITEM0002413,ORD0000844,INV000019,2,1335.12,2670.24
ITEM0002414,ORD0000548,INV000217,2,1121.11,2242.22
ITEM0002415,ORD0000002,INV000169,1,144.35,144.35
ITEM0002416,ORD0000648,INV000334,3,994.58,2983.74
ITEM0002417,ORD0000996,INV000165,5,404.25,2021.25
ITEM0002418,ORD0000333,INV000121,3,183.73,551.19
ITEM0002419,ORD0000970,INV000355,1,675.66,675.66
ITEM0002420,ORD0000271,INV000016,5,919.46,4597.3
ITEM0002421,ORD0000419,INV000130,2,382.46,764.92
ITEM0002422,ORD0000302,INV000489,5,431.7,2158.5
ITEM0002423,ORD0000059,INV000297,3,885.36,2656.08
ITEM0002424,ORD0000844,INV000288,1,16.56,16.56
ITEM0002425,ORD0000225,INV000298,3,1306.43,3919.29
ITEM0002426,ORD0000181,INV000256,3,683.3,2049.9
ITEM0002427,ORD0000995,INV000482,3,168.29,504.87
ITEM0002428,ORD0000551,INV000496,1,1483.7,1483.7
ITEM0002429,ORD0000109,INV000144,5,111.41,557.05
ITEM0002430,ORD0000969,INV000399,4,188.34,753.36
ITEM0002431,ORD0000891,INV000273,3,274.72,824.16
ITEM0002432,ORD0000565,INV000164,5,939.99,4699.95
ITEM0002433,ORD0000837,INV000135,2,911.44,1822.88
ITEM0002434,ORD0000226,INV000242,4,419.53,1678.12
ITEM0002435,ORD0000276,INV000366,3,1183.84,3551.52
ITEM0002436,ORD0000596,INV000154,2,1145.85,2291.7
ITEM0002437,ORD0000160,INV000033,4,1322.72,5290.88
ITEM0002438,ORD0000238,INV000066,4,204.34,817.36
ITEM0002439,ORD0000378,INV000429,4,513.59,2054.36
ITEM0002440,ORD0000924,INV000353,2,1188.11,2376.22
ITEM0002441,ORD0000096,INV000108,4,1323.04,5292.16
ITEM0002442,ORD0000186,INV000214,4,1122.48,4489.92
ITEM0002443,ORD0000190,INV000358,4,187.16,748.64
ITEM0002444,ORD0000194,INV000395,2,378.17,756.34
ITEM0002445,ORD0000503,INV000355,5,675.66,3378.3
ITEM0002446,ORD0000664,INV000396,2,751.07,1502.14
ITEM0002447,ORD0000022,INV000444,3,552.08,1656.24
ITEM0002448,ORD0000167,INV000431,3,200.5,601.5
ITEM0002449,ORD0000838,INV000451,2,752.62,1505.24
ITEM0002450,ORD0000704,INV000373,4,476.82,1907.28
ITEM0002451,ORD0000193,INV000315,5,909.48,4547.4
ITEM0002452,ORD0000147,INV000454,1,495.31,495.31
ITEM0002453,ORD0000437,INV000120,1,349.65,349.65
ITEM0002454,ORD0000466,INV000114,2,1037.46,2074.92
ITEM0002455,ORD0000103,INV000136,4,1164.66,4658.64
ITEM0002456,ORD0000141,INV000384,5,463.21,2316.05
ITEM0002457,ORD0000618,INV000107,1,486.85,486.85
ITEM0002458,ORD0000387,INV000227,1,1493.91,1493.91
ITEM0002459,ORD0000022,INV000074,4,230.49,921.96
ITEM0002460,ORD0000847,INV000261,1,999.34,999.34
ITEM0002461,ORD0000782,INV000176,1,1401.7,1401.7
ITEM0002462,ORD0000136,INV000475,1,526.46,526.46
ITEM0002463,ORD0000789,INV000437,2,1145.87,2291.74
ITEM0002464,ORD0000275,INV000429,1,513.59,513.59
ITEM0002465,ORD0000962,INV000158,2,1287.31,2574.62
ITEM0002466,ORD0000014,INV000115,5,1190.43,5952.15
ITEM0002467,ORD0000981,INV000434,1,438.87,438.87
ITEM0002468,ORD0000556,INV000201,1,1018.03,1018.03
ITEM0002469,ORD0000874,INV000137,3,449.54,1348.62
ITEM0002470,ORD0000208,INV000014,1,1400.22,1400.22
ITEM0002471,ORD0000492,INV000097,2,1412.5,2825.0
ITEM0002472,ORD0000914,INV000466,5,622.38,3111.9
ITEM0002473,ORD0000836,INV000070,4,1128.91,4515.64
ITEM0002474,ORD0000315,INV000317,2,759.3,1518.6
ITEM0002475,ORD0000491,INV000217,3,1121.11,3363.33
ITEM0002476,ORD0000250,INV000321,2,1184.89,2369.78
ITEM0002477,ORD0000557,INV000170,1,1420.86,1420.86
ITEM0002478,ORD0000643,INV000422,3,126.43,379.29
ITEM0002479,ORD0000127,INV000196,5,799.09,3995.45
ITEM0002480,ORD0000845,INV000476,1,187.2,187.2
ITEM0002481,ORD0000106,INV000439,1,139.62,139.62
ITEM0002482,ORD0000304,INV000198,5,749.01,3745.05
ITEM0002483,ORD0000524,INV000363,1,787.61,787.61
ITEM0002484,ORD0000146,INV000226,4,213.97,855.88
ITEM0002485,ORD0000935,INV000195,1,540.9,540.9
ITEM0002486,ORD0000025,INV000117,2,712.52,1425.04
ITEM0002487,ORD0000438,INV000487,2,981.07,1962.14
ITEM0002488,ORD0000151,INV000279,4,1325.6,5302.4
ITEM0002489,ORD0000672,INV000144,3,111.41,334.23
ITEM0002490,ORD0000232,INV000394,3,796.54,2389.62
ITEM0002491,ORD0000704,INV000067,4,1425.31,5701.24
ITEM0002492,ORD0000504,INV000232,1,1408.88,1408.88
ITEM0002493,ORD0000113,INV000330,2,32.25,64.5
ITEM0002494,ORD0000105,INV000024,2,10.3,20.6
ITEM0002495,ORD0000366,INV000320,3,616.11,1848.33
ITEM0002496,ORD0000631,INV000323,1,381.73,381.73
ITEM0002497,ORD0000122,INV000045,3,911.28,2733.84
ITEM0002498,ORD0000946,INV000423,3,978.44,2935.32
ITEM0002499,ORD0000918,INV000229,1,559.66,559.66
ITEM0002500,ORD0000620,INV000318,1,1062.89,1062.89
ITEM0002501,ORD0000183,INV000019,2,1335.12,2670.24
ITEM0002502,ORD0000544,INV000168,4,469.57,1878.28
ITEM0002503,ORD0000615,INV000334,3,994.58,2983.74
ITEM0002504,ORD0000696,INV000031,2,1171.27,2342.54
ITEM0002505,ORD0000154,INV000472,4,292.43,1169.72
ITEM0002506,ORD0000640,INV000451,3,752.62,2257.86
ITEM0002507,ORD0000357,INV000012,3,690.14,2070.42
ITEM0002508,ORD0000278,INV000005,1,107.44,107.44
ITEM0002509,ORD0000678,INV000171,4,1399.32,5597.28
ITEM0002510,ORD0000956,INV000080,3,734.9,2204.7
ITEM0002511,ORD0000831,INV000087,3,420.99,1262.97
ITEM0002512,ORD0000808,INV000102,1,1234.38,1234.38
ITEM0002513,ORD0000883,INV000457,1,1064.57,1064.57
ITEM0002514,ORD0000797,INV000241,2,1162.68,2325.36
ITEM0002515,ORD0000328,INV000103,2,955.2,1910.4
ITEM0002516,ORD0000400,INV000052,2,1017.59,2035.18
ITEM0002517,ORD0000739,INV000165,4,404.25,1617.0
ITEM0002518,ORD0000835,INV000237,4,995.84,3983.36
ITEM0002519,ORD0000116,INV000473,1,341.18,341.18
ITEM0002520,ORD0000438,INV000011,5,477.68,2388.4
ITEM0002521,ORD0000149,INV000482,3,168.29,504.87
ITEM0002522,ORD0000331,INV000411,1,701.42,701.42
ITEM0002523,ORD0000187,INV000072,2,1071.75,2143.5
ITEM0002524,ORD0000362,INV000415,4,251.16,1004.64
ITEM0002525,ORD0000507,INV000162,3,988.2,2964.6
ITEM0002526,ORD0000493,INV000365,4,1471.65,5886.6
ITEM0002527,ORD0000617,INV000365,4,1471.65,5886.6
ITEM0002528,ORD0000142,INV000220,3,140.0,420.0
ITEM0002529,ORD0000393,INV000342,2,695.21,1390.42
ITEM0002530,ORD0000563,INV000217,4,1121.11,4484.44
ITEM0002531,ORD0000552,INV000243,4,1198.78,4795.12
ITEM0002532,ORD0000505,INV000480,5,324.91,1624.55
ITEM0002533,ORD0000550,INV000292,5,865.76,4328.8
ITEM0002534,ORD0000394,INV000219,2,1451.07,2902.14
ITEM0002535,ORD0000595,INV000191,1,928.1,928.1
ITEM0002536,ORD0000540,INV000214,4,1122.48,4489.92
ITEM0002537,ORD0000796,INV000199,5,694.42,3472.1
ITEM0002538,ORD0000720,INV000228,2,1331.45,2662.9
ITEM0002539,ORD0000241,INV000320,1,616.11,616.11
ITEM0002540,ORD0000003,INV000037,3,303.36,910.08
ITEM0002541,ORD0000872,INV000054,2,433.94,867.88
ITEM0002542,ORD0000372,INV000194,1,73.76,73.76
ITEM0002543,ORD0000486,INV000284,5,792.77,3963.85
ITEM0002544,ORD0000944,INV000245,2,28.59,57.18
ITEM0002545,ORD0000062,INV000300,1,798.25,798.25
ITEM0002546,ORD0000370,INV000413,3,1152.83,3458.49
ITEM0002547,ORD0000302,INV000207,2,415.35,830.7
ITEM0002548,ORD0000148,INV000430,4,1102.63,4410.52
ITEM0002549,ORD0000996,INV000302,5,158.69,793.45
ITEM0002550,ORD0000249,INV000254,4,416.15,1664.6
ITEM0002551,ORD0000848,INV000493,2,1405.23,2810.46
ITEM0002552,ORD0000058,INV000242,2,419.53,839.06
ITEM0002553,ORD0000121,INV000069,2,1116.76,2233.52
ITEM0002554,ORD0000387,INV000167,2,1459.85,2919.7
ITEM0002555,ORD0000713,INV000394,1,796.54,796.54
ITEM0002556,ORD0000381,INV000118,4,1494.96,5979.84
ITEM0002557,ORD0000719,INV000131,1,1234.06,1234.06
ITEM0002558,ORD0000679,INV000397,1,396.36,396.36
ITEM0002559,ORD0000076,INV000074,5,230.49,1152.45
ITEM0002560,ORD0000858,INV000386,4,1091.59,4366.36
ITEM0002561,ORD0000892,INV000072,5,1071.75,5358.75
ITEM0002562,ORD0000031,INV000103,2,955.2,1910.4
ITEM0002563,ORD0000375,INV000326,2,894.59,1789.18
ITEM0002564,ORD0000081,INV000374,2,1483.74,2967.48
ITEM0002565,ORD0000079,INV000245,2,28.59,57.18
ITEM0002566,ORD0000583,INV000251,1,1271.71,1271.71
ITEM0002567,ORD0000154,INV000479,4,1386.39,5545.56
ITEM0002568,ORD0000482,INV000039,2,40.38,80.76
ITEM0002569,ORD0000767,INV000318,2,1062.89,2125.78
ITEM0002570,ORD0000716,INV000220,5,140.0,700.0
ITEM0002571,ORD0000482,INV000001,3,236.42,709.26
ITEM0002572,ORD0000740,INV000072,4,1071.75,4287.0
ITEM0002573,ORD0000455,INV000017,3,1003.46,3010.38
ITEM0002574,ORD0000294,INV000044,1,896.87,896.87
ITEM0002575,ORD0000160,INV000238,1,80.61,80.61
ITEM0002576,ORD0000903,INV000241,1,1162.68,1162.68
ITEM0002577,ORD0000619,INV000358,1,187.16,187.16
ITEM0002578,ORD0000516,INV000265,2,1006.67,2013.34
ITEM0002579,ORD0000012,INV000490,2,805.05,1610.1
ITEM0002580,ORD0000853,INV000498,4,412.89,1651.56
ITEM0002581,ORD0000697,INV000192,4,1121.42,4485.68
ITEM0002582,ORD0000568,INV000222,4,878.92,3515.68
ITEM0002583,ORD0000942,INV000007,3,870.48,2611.44
ITEM0002584,ORD0000514,INV000187,5,617.92,3089.6
ITEM0002585,ORD0000727,INV000470,3,1368.63,4105.89
ITEM0002586,ORD0000434,INV000338,2,1016.16,2032.32
ITEM0002587,ORD0000279,INV000394,2,796.54,1593.08
ITEM0002588,ORD0000535,INV000101,1,761.41,761.41
ITEM0002589,ORD0000974,INV000414,4,1247.93,4991.72
ITEM0002590,ORD0000761,INV000025,2,246.57,493.14
ITEM0002591,ORD0000411,INV000165,2,404.25,808.5
ITEM0002592,ORD0000058,INV000182,5,480.67,2403.35
ITEM0002593,ORD0000402,INV000311,2,61.22,122.44
ITEM0002594,ORD0000843,INV000255,2,574.45,1148.9
ITEM0002595,ORD0000620,INV000043,5,872.98,4364.9
ITEM0002596,ORD0000837,INV000313,1,696.75,696.75
ITEM0002597,ORD0000489,INV000153,4,1499.36,5997.44
ITEM0002598,ORD0000669,INV000484,3,958.73,2876.19
ITEM0002599,ORD0000848,INV000155,4,1374.53,5498.12
ITEM0002600,ORD0000169,INV000239,4,1181.53,4726.12
ITEM0002601,ORD0000823,INV000200,1,1001.93,1001.93
ITEM0002602,ORD0000663,INV000417,3,379.65,1138.95
ITEM0002603,ORD0000200,INV000414,4,1247.93,4991.72
ITEM0002604,ORD0000112,INV000451,3,752.62,2257.86
ITEM0002605,ORD0000080,INV000459,1,877.63,877.63
ITEM0002606,ORD0000618,INV000395,3,378.17,1134.51
ITEM0002607,ORD0000029,INV000301,3,1092.43,3277.29
ITEM0002608,ORD0000289,INV000147,2,94.16,188.32
ITEM0002609,ORD0000555,INV000330,2,32.25,64.5
ITEM0002610,ORD0000067,INV000496,1,1483.7,1483.7
ITEM0002611,ORD0000612,INV000139,2,1421.65,2843.3
ITEM0002612,ORD0000775,INV000206,1,1489.07,1489.07
ITEM0002613,ORD0000193,INV000283,3,647.72,1943.16
ITEM0002614,ORD0000207,INV000061,5,685.85,3429.25
ITEM0002615,ORD0000247,INV000339,1,1129.82,1129.82
ITEM0002616,ORD0000088,INV000355,3,675.66,2026.98
ITEM0002617,ORD0000579,INV000104,5,656.05,3280.25
ITEM0002618,ORD0000578,INV000196,1,799.09,799.09
ITEM0002619,ORD0000047,INV000173,4,687.9,2751.6
ITEM0002620,ORD0000323,INV000277,1,683.2,683.2
ITEM0002621,ORD0000967,INV000237,1,995.84,995.84
ITEM0002622,ORD0000009,INV000210,3,933.23,2799.69
ITEM0002623,ORD0000770,INV000175,3,417.99,1253.97
ITEM0002624,ORD0000982,INV000180,3,685.74,2057.22
ITEM0002625,ORD0000513,INV000248,4,680.75,2723.0
ITEM0002626,ORD0000323,INV000063,2,369.76,739.52
ITEM0002627,ORD0000744,INV000188,4,706.89,2827.56
ITEM0002628,ORD0000998,INV000282,3,327.28,981.84
ITEM0002629,ORD0000720,INV000312,2,968.78,1937.56
ITEM0002630,ORD0000340,INV000309,1,1195.51,1195.51
ITEM0002631,ORD0000919,INV000098,4,157.34,629.36
ITEM0002632,ORD0000104,INV000365,5,1471.65,7358.25
ITEM0002633,ORD0000827,INV000117,5,712.52,3562.6
ITEM0002634,ORD0000025,INV000049,2,996.76,1993.52
ITEM0002635,ORD0000816,INV000128,5,1309.72,6548.6
ITEM0002636,ORD0000489,INV000314,4,1364.03,5456.12
ITEM0002637,ORD0000890,INV000355,5,675.66,3378.3
ITEM0002638,ORD0000298,INV000154,1,1145.85,1145.85
ITEM0002639,ORD0000156,INV000016,2,919.46,1838.92
ITEM0002640,ORD0000081,INV000298,4,1306.43,5225.72
ITEM0002641,ORD0000976,INV000095,1,1447.26,1447.26
ITEM0002642,ORD0000906,INV000360,2,949.77,1899.54
ITEM0002643,ORD0000827,INV000266,2,1302.8,2605.6
ITEM0002644,ORD0000788,INV000314,2,1364.03,2728.06
ITEM0002645,ORD0000987,INV000078,2,718.08,1436.16
ITEM0002646,ORD0000529,INV000319,5,549.03,2745.15
ITEM0002647,ORD0000668,INV000201,5,1018.03,5090.15
ITEM0002648,ORD0000953,INV000206,5,1489.07,7445.35
ITEM0002649,ORD0000459,INV000333,3,447.21,1341.63
ITEM0002650,ORD0000348,INV000090,2,1172.94,2345.88
ITEM0002651,ORD0000369,INV000489,3,431.7,1295.1
ITEM0002652,ORD0000877,INV000423,5,978.44,4892.2
ITEM0002653,ORD0000041,INV000217,4,1121.11,4484.44
ITEM0002654,ORD0000245,INV000206,4,1489.07,5956.28
ITEM0002655,ORD0000626,INV000262,2,105.36,210.72
ITEM0002656,ORD0000077,INV000184,5,1447.41,7237.05
ITEM0002657,ORD0000581,INV000273,2,274.72,549.44
ITEM0002658,ORD0000100,INV000076,4,626.58,2506.32
ITEM0002659,ORD0000147,INV000265,1,1006.67,1006.67
ITEM0002660,ORD0000561,INV000091,3,1424.67,4274.01
ITEM0002661,ORD0000511,INV000451,1,752.62,752.62
ITEM0002662,ORD0000466,INV000489,1,431.7,431.7
ITEM0002663,ORD0000174,INV000314,3,1364.03,4092.09
ITEM0002664,ORD0000166,INV000116,3,609.58,1828.74
ITEM0002665,ORD0000287,INV000295,1,1248.88,1248.88
ITEM0002666,ORD0000373,INV000175,5,417.99,2089.95
ITEM0002667,ORD0000092,INV000486,3,12.75,38.25
ITEM0002668,ORD0000184,INV000165,1,404.25,404.25
ITEM0002669,ORD0000265,INV000097,4,1412.5,5650.0
ITEM0002670,ORD0000263,INV000262,4,105.36,421.44
ITEM0002671,ORD0000666,INV000021,4,309.38,1237.52
ITEM0002672,ORD0000963,INV000201,2,1018.03,2036.06
ITEM0002673,ORD0000996,INV000350,1,84.62,84.62
ITEM0002674,ORD0000500,INV000187,5,617.92,3089.6
ITEM0002675,ORD0000373,INV000043,1,872.98,872.98
ITEM0002676,ORD0000411,INV000212,3,1183.97,3551.91
ITEM0002677,ORD0000878,INV000054,4,433.94,1735.76
ITEM0002678,ORD0000940,INV000106,5,699.99,3499.95
ITEM0002679,ORD0000452,INV000038,2,461.26,922.52
ITEM0002680,ORD0000525,INV000270,3,1145.1,3435.3
ITEM0002681,ORD0000975,INV000108,5,1323.04,6615.2
ITEM0002682,ORD0000383,INV000410,3,192.36,577.08
ITEM0002683,ORD0000699,INV000402,1,1065.76,1065.76
ITEM0002684,ORD0000519,INV000112,4,777.36,3109.44
ITEM0002685,ORD0000270,INV000126,4,1461.57,5846.28
ITEM0002686,ORD0000636,INV000203,1,1037.02,1037.02
ITEM0002687,ORD0000759,INV000414,1,1247.93,1247.93
ITEM0002688,ORD0000717,INV000023,2,953.26,1906.52
ITEM0002689,ORD0000009,INV000312,5,968.78,4843.9
ITEM0002690,ORD0000874,INV000035,2,243.0,486.0
ITEM0002691,ORD0000298,INV000227,1,1493.91,1493.91
ITEM0002692,ORD0000163,INV000143,4,53.8,215.2
ITEM0002693,ORD0000409,INV000449,5,1193.37,5966.85
ITEM0002694,ORD0000229,INV000008,1,631.74,631.74
ITEM0002695,ORD0000896,INV000299,4,502.94,2011.76
ITEM0002696,ORD0000686,INV000146,4,1363.08,5452.32
ITEM0002697,ORD0000358,INV000420,1,260.94,260.94
ITEM0002698,ORD0000480,INV000044,4,896.87,3587.48
ITEM0002699,ORD0000922,INV000438,5,750.65,3753.25
ITEM0002700,ORD0000112,INV000146,4,1363.08,5452.32
ITEM0002701,ORD0000185,INV000461,1,1083.49,1083.49
ITEM0002702,ORD0000940,INV000241,1,1162.68,1162.68
ITEM0002703,ORD0000787,INV000333,4,447.21,1788.84
ITEM0002704,ORD0000205,INV000155,4,1374.53,5498.12
ITEM0002705,ORD0000337,INV000192,4,1121.42,4485.68
ITEM0002706,ORD0000325,INV000136,1,1164.66,1164.66
ITEM0002707,ORD0000619,INV000041,3,964.02,2892.06
ITEM0002708,ORD0000218,INV000037,4,303.36,1213.44
ITEM0002709,ORD0000118,INV000255,4,574.45,2297.8
ITEM0002710,ORD0000466,INV000441,3,77.74,233.22
ITEM0002711,ORD0000559,INV000341,1,554.92,554.92
ITEM0002712,ORD0000972,INV000001,2,236.42,472.84
ITEM0002713,ORD0000150,INV000348,4,142.11,568.44
ITEM0002714,ORD0000328,INV000427,2,683.05,1366.1
ITEM0002715,ORD0000033,INV000479,5,1386.39,6931.95
ITEM0002716,ORD0000793,INV000402,5,1065.76,5328.8
ITEM0002717,ORD0000064,INV000263,4,650.66,2602.64
ITEM0002718,ORD0000809,INV000440,3,1450.2,4350.6
ITEM0002719,ORD0000485,INV000402,4,1065.76,4263.04
ITEM0002720,ORD0000056,INV000293,2,437.83,875.66
ITEM0002721,ORD0000889,INV000310,2,763.47,1526.94
ITEM0002722,ORD0000976,INV000288,1,16.56,16.56
ITEM0002723,ORD0000277,INV000460,4,401.97,1607.88
ITEM0002724,ORD0000651,INV000158,3,1287.31,3861.93
ITEM0002725,ORD0000086,INV000208,2,1250.09,2500.18
ITEM0002726,ORD0000071,INV000076,2,626.58,1253.16
ITEM0002727,ORD0000415,INV000448,3,197.35,592.05
ITEM0002728,ORD0000306,INV000353,1,1188.11,1188.11
ITEM0002729,ORD0000893,INV000248,4,680.75,2723.0
ITEM0002730,ORD0000538,INV000293,4,437.83,1751.32
ITEM0002731,ORD0000686,INV000154,2,1145.85,2291.7
ITEM0002732,ORD0000189,INV000166,3,1321.87,3965.61
ITEM0002733,ORD0000095,INV000339,1,1129.82,1129.82
ITEM0002734,ORD0000351,INV000496,4,1483.7,5934.8
ITEM0002735,ORD0000169,INV000307,3,1297.05,3891.15
ITEM0002736,ORD0000358,INV000233,2,329.82,659.64
ITEM0002737,ORD0000494,INV000350,4,84.62,338.48
ITEM0002738,ORD0000549,INV000069,4,1116.76,4467.04
ITEM0002739,ORD0000989,INV000328,2,1006.82,2013.64
ITEM0002740,ORD0000364,INV000201,4,1018.03,4072.12
ITEM0002741,ORD0000399,INV000442,5,432.19,2160.95
ITEM0002742,ORD0000575,INV000449,1,1193.37,1193.37
ITEM0002743,ORD0000204,INV000288,5,16.56,82.8
ITEM0002744,ORD0000741,INV000314,1,1364.03,1364.03
ITEM0002745,ORD0000632,INV000485,5,498.79,2493.95
ITEM0002746,ORD0000332,INV000214,2,1122.48,2244.96
ITEM0002747,ORD0000015,INV000113,3,1081.51,3244.53
ITEM0002748,ORD0000919,INV000385,2,1036.2,2072.4
ITEM0002749,ORD0000957,INV000131,4,1234.06,4936.24
ITEM0002750,ORD0000512,INV000243,2,1198.78,2397.56
ITEM0002751,ORD0000117,INV000377,3,413.46,1240.38
ITEM0002752,ORD0000270,INV000179,4,520.96,2083.84
ITEM0002753,ORD0000740,INV000028,5,647.53,3237.65
ITEM0002754,ORD0000462,INV000087,1,420.99,420.99
ITEM0002755,ORD0000650,INV000456,2,763.44,1526.88
ITEM0002756,ORD0000655,INV000154,4,1145.85,4583.4
ITEM0002757,ORD0000100,INV000191,5,928.1,4640.5
ITEM0002758,ORD0000224,INV000495,1,1393.04,1393.04
ITEM0002759,ORD0000431,INV000233,2,329.82,659.64
ITEM0002760,ORD0000793,INV000202,5,1418.13,7090.65
ITEM0002761,ORD0000616,INV000112,2,777.36,1554.72
ITEM0002762,ORD0000222,INV000106,4,699.99,2799.96
ITEM0002763,ORD0000215,INV000221,3,807.18,2421.54
ITEM0002764,ORD0000996,INV000370,2,949.45,1898.9
ITEM0002765,ORD0000979,INV000459,5,877.63,4388.15
ITEM0002766,ORD0000380,INV000293,1,437.83,437.83
ITEM0002767,ORD0000017,INV000282,3,327.28,981.84
ITEM0002768,ORD0000919,INV000432,3,482.08,1446.24
ITEM0002769,ORD0000515,INV000477,3,1344.16,4032.48
ITEM0002770,ORD0000717,INV000473,1,341.18,341.18
ITEM0002771,ORD0000665,INV000204,4,1499.06,5996.24
ITEM0002772,ORD0000424,INV000252,4,1070.04,4280.16
ITEM0002773,ORD0000361,INV000424,4,929.07,3716.28
ITEM0002774,ORD0000849,INV000363,3,787.61,2362.83
ITEM0002775,ORD0000437,INV000272,5,915.45,4577.25
ITEM0002776,ORD0000998,INV000407,5,703.77,3518.85
ITEM0002777,ORD0000117,INV000012,3,690.14,2070.42
ITEM0002778,ORD0000470,INV000319,2,549.03,1098.06
ITEM0002779,ORD0000383,INV000445,4,546.97,2187.88
ITEM0002780,ORD0000567,INV000199,2,694.42,1388.84
ITEM0002781,ORD0000167,INV000314,5,1364.03,6820.15
ITEM0002782,ORD0000447,INV000200,5,1001.93,5009.65
ITEM0002783,ORD0000292,INV000306,4,1023.29,4093.16
ITEM0002784,ORD0000650,INV000480,4,324.91,1299.64
ITEM0002785,ORD0000719,INV000334,3,994.58,2983.74
ITEM0002786,ORD0000961,INV000194,5,73.76,368.8
ITEM0002787,ORD0000090,INV000479,1,1386.39,1386.39
ITEM0002788,ORD0000092,INV000204,1,1499.06,1499.06
ITEM0002789,ORD0000632,INV000028,1,647.53,647.53
ITEM0002790,ORD0000107,INV000175,4,417.99,1671.96
ITEM0002791,ORD0000768,INV000277,4,683.2,2732.8
ITEM0002792,ORD0000950,INV000160,5,684.96,3424.8
ITEM0002793,ORD0000103,INV000386,5,1091.59,5457.95
ITEM0002794,ORD0000516,INV000483,4,367.47,1469.88
ITEM0002795,ORD0000826,INV000356,5,387.61,1938.05
ITEM0002796,ORD0000684,INV000053,1,612.08,612.08
ITEM0002797,ORD0000873,INV000279,3,1325.6,3976.8
ITEM0002798,ORD0000217,INV000300,4,798.25,3193.0
ITEM0002799,ORD0000796,INV000449,2,1193.37,2386.74
ITEM0002800,ORD0000565,INV000204,4,1499.06,5996.24
ITEM0002801,ORD0000118,INV000442,4,432.19,1728.76
ITEM0002802,ORD0000877,INV000166,2,1321.87,2643.74
ITEM0002803,ORD0000974,INV000221,4,807.18,3228.72
ITEM0002804,ORD0000360,INV000037,1,303.36,303.36
ITEM0002805,ORD0000423,INV000253,4,486.56,1946.24
ITEM0002806,ORD0000008,INV000214,4,1122.48,4489.92
ITEM0002807,ORD0000801,INV000057,3,429.26,1287.78
ITEM0002808,ORD0000520,INV000347,2,676.73,1353.46
ITEM0002809,ORD0000275,INV000445,3,546.97,1640.91
ITEM0002810,ORD0000315,INV000252,3,1070.04,3210.12
ITEM0002811,ORD0000690,INV000279,4,1325.6,5302.4
ITEM0002812,ORD0000005,INV000386,2,1091.59,2183.18
ITEM0002813,ORD0000034,INV000396,4,751.07,3004.28
ITEM0002814,ORD0000027,INV000495,1,1393.04,1393.04
ITEM0002815,ORD0000810,INV000380,2,554.18,1108.36
ITEM0002816,ORD0000861,INV000245,3,28.59,85.77
ITEM0002817,ORD0000840,INV000333,5,447.21,2236.05
ITEM0002818,ORD0000326,INV000350,5,84.62,423.1
ITEM0002819,ORD0000175,INV000266,3,1302.8,3908.4
ITEM0002820,ORD0000441,INV000017,5,1003.46,5017.3
ITEM0002821,ORD0000570,INV000229,2,559.66,1119.32
ITEM0002822,ORD0000198,INV000070,4,1128.91,4515.64
ITEM0002823,ORD0000660,INV000393,5,561.16,2805.8
ITEM0002824,ORD0000849,INV000498,4,412.89,1651.56
ITEM0002825,ORD0000821,INV000192,1,1121.42,1121.42
ITEM0002826,ORD0000440,INV000430,5,1102.63,5513.15
ITEM0002827,ORD0000962,INV000037,2,303.36,606.72
ITEM0002828,ORD0000746,INV000250,4,689.77,2759.08
ITEM0002829,ORD0000413,INV000199,2,694.42,1388.84
ITEM0002830,ORD0000530,INV000464,3,860.99,2582.97
ITEM0002831,ORD0000448,INV000409,2,1154.9,2309.8
ITEM0002832,ORD0000102,INV000379,2,511.86,1023.72
ITEM0002833,ORD0000517,INV000021,2,309.38,618.76
ITEM0002834,ORD0000647,INV000111,1,423.09,423.09
ITEM0002835,ORD0000804,INV000058,5,144.61,723.05
ITEM0002836,ORD0000864,INV000124,4,345.09,1380.36
ITEM0002837,ORD0000858,INV000306,3,1023.29,3069.87
ITEM0002838,ORD0000163,INV000299,5,502.94,2514.7
ITEM0002839,ORD0000209,INV000351,3,582.32,1746.96
ITEM0002840,ORD0000096,INV000213,1,1099.88,1099.88
ITEM0002841,ORD0000448,INV000279,1,1325.6,1325.6
ITEM0002842,ORD0000644,INV000016,1,919.46,919.46
ITEM0002843,ORD0000157,INV000333,5,447.21,2236.05
ITEM0002844,ORD0000633,INV000079,1,1131.45,1131.45
ITEM0002845,ORD0000943,INV000235,5,95.52,477.6
ITEM0002846,ORD0000586,INV000303,1,905.59,905.59
ITEM0002847,ORD0000026,INV000390,4,57.02,228.08
ITEM0002848,ORD0000465,INV000256,2,683.3,1366.6
ITEM0002849,ORD0000192,INV000468,3,780.43,2341.29
ITEM0002850,ORD0000669,INV000127,2,958.62,1917.24
ITEM0002851,ORD0000305,INV000207,2,415.35,830.7
ITEM0002852,ORD0000549,INV000279,2,1325.6,2651.2
ITEM0002853,ORD0000744,INV000015,2,557.44,1114.88
ITEM0002854,ORD0000789,INV000325,4,468.8,1875.2
ITEM0002855,ORD0000676,INV000474,3,1036.91,3110.73
ITEM0002856,ORD0000282,INV000355,1,675.66,675.66
ITEM0002857,ORD0000958,INV000109,1,507.91,507.91
ITEM0002858,ORD0000643,INV000115,2,1190.43,2380.86
ITEM0002859,ORD0000654,INV000478,1,439.23,439.23
ITEM0002860,ORD0000888,INV000154,5,1145.85,5729.25
ITEM0002861,ORD0000114,INV000144,1,111.41,111.41
ITEM0002862,ORD0000950,INV000361,4,440.45,1761.8
ITEM0002863,ORD0000126,INV000172,5,626.16,3130.8
ITEM0002864,ORD0000146,INV000131,1,1234.06,1234.06
ITEM0002865,ORD0000269,INV000138,3,855.1,2565.3
ITEM0002866,ORD0000096,INV000191,2,928.1,1856.2
ITEM0002867,ORD0000507,INV000285,1,595.92,595.92
ITEM0002868,ORD0000935,INV000455,3,592.47,1777.41
ITEM0002869,ORD0000401,INV000290,2,112.75,225.5
ITEM0002870,ORD0000503,INV000442,1,432.19,432.19
ITEM0002871,ORD0000424,INV000483,1,367.47,367.47
ITEM0002872,ORD0000499,INV000063,1,369.76,369.76
ITEM0002873,ORD0000216,INV000314,1,1364.03,1364.03
ITEM0002874,ORD0000385,INV000001,4,236.42,945.68
ITEM0002875,ORD0000649,INV000248,3,680.75,2042.25
ITEM0002876,ORD0000828,INV000344,4,1310.14,5240.56
ITEM0002877,ORD0000185,INV000246,2,1113.87,2227.74
ITEM0002878,ORD0000011,INV000487,3,981.07,2943.21
ITEM0002879,ORD0000676,INV000223,2,1013.88,2027.76
ITEM0002880,ORD0000647,INV000397,5,396.36,1981.8
ITEM0002881,ORD0000876,INV000359,5,98.9,494.5
ITEM0002882,ORD0000121,INV000351,1,582.32,582.32
ITEM0002883,ORD0000356,INV000128,3,1309.72,3929.16
ITEM0002884,ORD0000629,INV000445,4,546.97,2187.88
ITEM0002885,ORD0000560,INV000225,5,1364.53,6822.65
ITEM0002886,ORD0000163,INV000063,1,369.76,369.76
ITEM0002887,ORD0000760,INV000340,5,803.35,4016.75
ITEM0002888,ORD0000949,INV000037,3,303.36,910.08
ITEM0002889,ORD0000198,INV000270,1,1145.1,1145.1
ITEM0002890,ORD0000031,INV000196,5,799.09,3995.45
ITEM0002891,ORD0000024,INV000391,5,546.42,2732.1
ITEM0002892,ORD0000525,INV000330,5,32.25,161.25
ITEM0002893,ORD0000222,INV000070,2,1128.91,2257.82
ITEM0002894,ORD0000118,INV000381,3,1202.72,3608.16
ITEM0002895,ORD0000031,INV000498,2,412.89,825.78
ITEM0002896,ORD0000142,INV000383,3,485.21,1455.63
ITEM0002897,ORD0000086,INV000380,2,554.18,1108.36
ITEM0002898,ORD0000275,INV000304,2,1427.18,2854.36
ITEM0002899,ORD0000494,INV000342,3,695.21,2085.63
ITEM0002900,ORD0000977,INV000333,2,447.21,894.42
ITEM0002901,ORD0000357,INV000318,1,1062.89,1062.89
ITEM0002902,ORD0000668,INV000190,5,1431.44,7157.2
ITEM0002903,ORD0000479,INV000092,3,361.62,1084.86
ITEM0002904,ORD0000447,INV000229,4,559.66,2238.64
ITEM0002905,ORD0000970,INV000206,5,1489.07,7445.35
ITEM0002906,ORD0000945,INV000181,4,859.84,3439.36
ITEM0002907,ORD0000257,INV000316,2,678.53,1357.06
ITEM0002908,ORD0000203,INV000084,2,130.5,261.0
ITEM0002909,ORD0000985,INV000281,3,731.06,2193.18
ITEM0002910,ORD0000106,INV000148,4,661.53,2646.12
ITEM0002911,ORD0000813,INV000311,5,61.22,306.1
ITEM0002912,ORD0000320,INV000379,5,511.86,2559.3
ITEM0002913,ORD0000814,INV000245,2,28.59,57.18
ITEM0002914,ORD0000977,INV000456,2,763.44,1526.88
ITEM0002915,ORD0000444,INV000007,4,870.48,3481.92
ITEM0002916,ORD0000434,INV000409,4,1154.9,4619.6
ITEM0002917,ORD0000766,INV000239,5,1181.53,5907.65
ITEM0002918,ORD0000836,INV000373,3,476.82,1430.46
ITEM0002919,ORD0000638,INV000128,3,1309.72,3929.16
ITEM0002920,ORD0000622,INV000110,1,733.89,733.89
ITEM0002921,ORD0000440,INV000071,4,941.99,3767.96
ITEM0002922,ORD0000581,INV000063,2,369.76,739.52
ITEM0002923,ORD0000383,INV000262,3,105.36,316.08
ITEM0002924,ORD0000461,INV000018,1,1408.7,1408.7
ITEM0002925,ORD0000911,INV000319,2,549.03,1098.06
ITEM0002926,ORD0000982,INV000303,1,905.59,905.59
ITEM0002927,ORD0000260,INV000084,5,130.5,652.5
ITEM0002928,ORD0000420,INV000191,5,928.1,4640.5
ITEM0002929,ORD0000619,INV000073,3,482.97,1448.91
ITEM0002930,ORD0000361,INV000273,5,274.72,1373.6
ITEM0002931,ORD0000031,INV000187,4,617.92,2471.68
ITEM0002932,ORD0000185,INV000016,1,919.46,919.46
ITEM0002933,ORD0000440,INV000282,3,327.28,981.84
ITEM0002934,ORD0000367,INV000289,2,198.13,396.26
ITEM0002935,ORD0000075,INV000298,2,1306.43,2612.86
ITEM0002936,ORD0000673,INV000068,2,1246.7,2493.4
ITEM0002937,ORD0000381,INV000120,3,349.65,1048.95
ITEM0002938,ORD0000799,INV000495,2,1393.04,2786.08
ITEM0002939,ORD0000126,INV000354,3,1376.51,4129.53
ITEM0002940,ORD0000327,INV000373,1,476.82,476.82
ITEM0002941,ORD0000735,INV000095,1,1447.26,1447.26
ITEM0002942,ORD0000219,INV000254,3,416.15,1248.45
ITEM0002943,ORD0000582,INV000360,4,949.77,3799.08
ITEM0002944,ORD0000921,INV000209,3,912.56,2737.68
ITEM0002945,ORD0000576,INV000428,2,662.21,1324.42
ITEM0002946,ORD0000395,INV000030,1,319.06,319.06
ITEM0002947,ORD0000617,INV000383,3,485.21,1455.63
ITEM0002948,ORD0000540,INV000031,2,1171.27,2342.54
ITEM0002949,ORD0000106,INV000130,2,382.46,764.92
ITEM0002950,ORD0000285,INV000415,5,251.16,1255.8
ITEM0002951,ORD0000969,INV000263,5,650.66,3253.3
ITEM0002952,ORD0000588,INV000260,1,1095.77,1095.77
ITEM0002953,ORD0000699,INV000034,4,1174.67,4698.68
ITEM0002954,ORD0000326,INV000231,4,984.11,3936.44
ITEM0002955,ORD0000203,INV000389,3,1429.42,4288.26
ITEM0002956,ORD0000051,INV000427,2,683.05,1366.1
ITEM0002957,ORD0000511,INV000070,4,1128.91,4515.64
ITEM0002958,ORD0000282,INV000300,1,798.25,798.25
ITEM0002959,ORD0000123,INV000222,4,878.92,3515.68
ITEM0002960,ORD0000464,INV000416,1,1421.49,1421.49
ITEM0002961,ORD0000616,INV000281,2,731.06,1462.12
ITEM0002962,ORD0000606,INV000024,3,10.3,30.9
ITEM0002963,ORD0000243,INV000466,4,622.38,2489.52
ITEM0002964,ORD0000022,INV000258,5,647.95,3239.75
ITEM0002965,ORD0000019,INV000005,3,107.44,322.32
ITEM0002966,ORD0000005,INV000024,5,10.3,51.5
ITEM0002967,ORD0000292,INV000120,4,349.65,1398.6
ITEM0002968,ORD0000862,INV000227,2,1493.91,2987.82
ITEM0002969,ORD0000038,INV000065,4,80.08,320.32
ITEM0002970,ORD0000941,INV000423,5,978.44,4892.2
ITEM0002971,ORD0000041,INV000110,5,733.89,3669.45
ITEM0002972,ORD0000661,INV000006,3,184.23,552.69
ITEM0002973,ORD0000072,INV000484,1,958.73,958.73
ITEM0002974,ORD0000098,INV000108,4,1323.04,5292.16
ITEM0002975,ORD0000741,INV000425,4,964.65,3858.6
ITEM0002976,ORD0000282,INV000117,3,712.52,2137.56
ITEM0002977,ORD0000772,INV000015,3,557.44,1672.32
ITEM0002978,ORD0000410,INV000374,3,1483.74,4451.22
ITEM0002979,ORD0000570,INV000335,1,897.88,897.88
ITEM0002980,ORD0000506,INV000049,3,996.76,2990.28
ITEM0002981,ORD0000049,INV000333,5,447.21,2236.05
ITEM0002982,ORD0000306,INV000438,4,750.65,3002.6
ITEM0002983,ORD0000506,INV000428,4,662.21,2648.84
ITEM0002984,ORD0000864,INV000465,1,33.31,33.31
ITEM0002985,ORD0000961,INV000206,3,1489.07,4467.21
ITEM0002986,ORD0000106,INV000055,5,700.16,3500.8
ITEM0002987,ORD0000230,INV000069,1,1116.76,1116.76
ITEM0002988,ORD0000846,INV000424,1,929.07,929.07
ITEM0002989,ORD0000143,INV000333,1,447.21,447.21
ITEM0002990,ORD0000331,INV000139,1,1421.65,1421.65
ITEM0002991,ORD0000232,INV000155,4,1374.53,5498.12
ITEM0002992,ORD0000091,INV000159,2,435.89,871.78
ITEM0002993,ORD0000742,INV000251,2,1271.71,2543.42
ITEM0002994,ORD0000836,INV000421,3,1264.58,3793.74
ITEM0002995,ORD0000006,INV000092,5,361.62,1808.1
ITEM0002996,ORD0000266,INV000071,1,941.99,941.99
ITEM0002997,ORD0000114,INV000207,1,415.35,415.35
ITEM0002998,ORD0000970,INV000365,1,1471.65,1471.65
ITEM0002999,ORD0000077,INV000429,3,513.59,1540.77
ITEM0003000,ORD0000338,INV000255,3,574.45,1723.35
